{
    "H2A.H4R3me2": 0.11532218079109002,
    "H2AZ": 0.7736459341226736,
    "H2BK5me1": 0.8332764016545635,
    "H3K4me1": 0.7996385439249885,
    "H3K4me2": 0.7115947329370851,
    "H3K4me3": 1.2063930955330981,
    "H3K9me1": 0.6681992403633306,
    "H3K9me2": 0.06706925810186437,
    "H3K9me3": 0.12221114677627953,
    "H3K27me1": 0.337416219546431,
    "H3K27me2": 0.08342048279727088,
    "H3K27me3": 0.06272012008333361,
    "H3K36me1": 0.10279690728316382,
    "H3K36me3": 0.3129558033595341,
    "H3K79me1": 0.04078621944316163
}