{
    "H4K12ac": 1.8910775180932191,
    "H2BK20ac": 1.8737114918148459,
    "H3K4me3": 1.2063930955330981,
    "H3K27ac": 1.1020180082896704,
    "H2BK120ac": 1.0794090656920554,
    "H3K18ac": 1.0656118587322432,
    "H4K91ac": 0.9614342941290186,
    "H3K9ac": 0.9253671611015015,
    "H3K4ac": 0.8747929989687355,
    "H4K20me1": 0.8457711734580684,
    "H2BK5me1": 0.8332764016545635,
    "H2BK5ac": 0.8197518881882297,
    "H3K4me1": 0.7996385439249885,
    "H3K36ac": 0.7772070999819318,
    "H2AZ": 0.7736459341226736,
    "H4K5ac": 0.7601643379960326,
    "H2BK12ac": 0.7129067493942216,
    "H3K4me2": 0.7115947329370851,
    "H3K9me1": 0.6681992403633306,
    "H4K8ac": 0.6610626945926716,
    "H2AK5ac": 0.35437899895542024,
    "H3K27me1": 0.337416219546431,
    "H4K16ac": 0.3246232536424172,
    "H3K36me3": 0.3129558033595341,
    "H3K79me3": 0.202536866020246,
    "H2AK9ac": 0.19345921702506264,
    "H4K20me3": 0.18702322097741186,
    "H3K23ac": 0.18572900054296682,
    "H3R2me1": 0.1499986185598834,
    "H3K9me3": 0.12221114677627953,
    "H2A.H4R3me2": 0.11532218079109002,
    "H3K36me1": 0.10279690728316382,
    "H3K27me2": 0.08342048279727088,
    "H3K14ac": 0.08108554422755265,
    "H3K9me2": 0.06706925810186437,
    "H3K27me3": 0.06272012008333361,
    "H3R2me2": 0.05750575746440356,
    "H3K79me1": 0.04078621944316163,
    "H3K79me2": 0.00795340193470262
}