{
    "H2A.H4R3me2": 0.11484777656062573,
    "H2AZ": 0.7730720184255402,
    "H2BK5me1": 0.833736677476395,
    "H3K4me1": 0.7953069321102397,
    "H3K4me2": 0.7113074026004078,
    "H3K4me3": 1.2045411378313045,
    "H3K9me1": 0.6677976125143079,
    "H3K9me2": 0.06718987059302517,
    "H3K9me3": 0.12296726337294495,
    "H3K27me1": 0.3375716158027755,
    "H3K27me2": 0.08412601157753308,
    "H3K27me3": 0.06354145824323165,
    "H3K36me1": 0.1023327740175013,
    "H3K36me3": 0.31114140937688095,
    "H3K79me1": 0.04067977394223954
}