{
    "H4K12ac": 1.8901932465699955,
    "H2BK20ac": 1.8749459610052392,
    "H3K4me3": 1.2045411378313045,
    "H3K27ac": 1.1020413373145033,
    "H2BK120ac": 1.0811090725419596,
    "H3K18ac": 1.0633955448694152,
    "H4K91ac": 0.9618556171238222,
    "H3K9ac": 0.925474388601681,
    "H3K4ac": 0.8742427201369507,
    "H4K20me1": 0.8452021042665159,
    "H2BK5me1": 0.833736677476395,
    "H2BK5ac": 0.8213156270699828,
    "H3K4me1": 0.7953069321102397,
    "H3K36ac": 0.7770681163869986,
    "H2AZ": 0.7730720184255402,
    "H4K5ac": 0.7588545048643685,
    "H2BK12ac": 0.7118184639525937,
    "H3K4me2": 0.7113074026004078,
    "H3K9me1": 0.6677976125143079,
    "H4K8ac": 0.6605528102160765,
    "H2AK5ac": 0.3539897999611581,
    "H3K27me1": 0.3375716158027755,
    "H4K16ac": 0.324941404217328,
    "H3K36me3": 0.31114140937688095,
    "H3K79me3": 0.2022826257076451,
    "H2AK9ac": 0.19527369842668652,
    "H3K23ac": 0.18634818872134584,
    "H4K20me3": 0.18597914396083803,
    "H3R2me1": 0.15021378721753464,
    "H3K9me3": 0.12296726337294495,
    "H2A.H4R3me2": 0.11484777656062573,
    "H3K36me1": 0.1023327740175013,
    "H3K27me2": 0.08412601157753308,
    "H3K14ac": 0.08082490710871149,
    "H3K9me2": 0.06718987059302517,
    "H3K27me3": 0.06354145824323165,
    "H3R2me2": 0.057697441180666775,
    "H3K79me1": 0.04067977394223954,
    "H3K79me2": 0.00815416806363034
}