{
    "H3K4me1": 5.663152824732134,
    "H3K4me2": 5.490671133050351,
    "H3K4me3": 5.368637104022246,
    "H4K20me1": 5.164145766361006,
    "H3K9me1": 5.002100863241141,
    "H4K91ac": 4.997267608365664,
    "H2BK5me1": 4.85424275722584,
    "H4K12ac": 4.67719276751055,
    "H3K27ac": 4.64464043045949,
    "H3K18ac": 4.609212450811145,
    "H2BK120ac": 4.377185484725395,
    "H2BK20ac": 4.319345281771749,
    "H4K5ac": 4.129317140003247,
    "H3K4ac": 4.096614879642423,
    "H3K36ac": 3.921847296307725,
    "H4K8ac": 3.891244364764804,
    "H3K9ac": 3.770557155768536,
    "H3K27me1": 3.6695177746559273,
    "H4K16ac": 3.574847488617295,
    "H2BK12ac": 3.574304526374947,
    "H2AZ": 3.4695065769037723,
    "H2BK5ac": 3.4064009295505926,
    "H3K36me3": 3.390481985101861,
    "H3R2me1": 2.892681240515582,
    "H3K36me1": 2.793074287013811,
    "H2AK5ac": 2.7929672038912092,
    "H3K79me1": 2.713808255335728,
    "H3K79me3": 2.6607336604208753,
    "H3K23ac": 2.327942816739837,
    "H3K14ac": 2.2215801137225353,
    "H3R2me2": 2.1979378089659294,
    "H2A.H4R3me2": 2.1409356930859977,
    "H3K9me2": 2.0686252943762464,
    "H2AK9ac": 1.986771073597923,
    "H3K27me2": 1.8741194604134186,
    "H3K27me3": 1.8089289239183617,
    "H4K20me3": 1.6891712992185313,
    "H3K79me2": 0.7575713084898749,
    "H3K9me3": 0.745057214053398
}