{
    "H2A.H4R3me2": 0.11484777656062573,
    "H2AZ": 0.7730720184255402,
    "H2BK5me1": 0.833736677476395,
    "H3K4me1": 0.7953069321102397,
    "H3K4me2": 0.7113074026004078
}