{
    "selected_features": [
        "H3S10ph",
        "H3K36me",
        "H3K36me2",
        "H3K4me2",
        "H4K12ac",
        "H4R3me2s",
        "H4K16ac",
        "H3K4me",
        "H3K79me3",
        "H3K36me3"
    ],
    "target_predictor_r2_scores": {
        "H3K4me3": 0.9286694756629729,
        "H3K14ac": 0.8867477396393076,
        "H4K20me": 0.8227250802046409,
        "H3K18ac": 0.8190882087600362,
        "H4K8ac": 0.8163329860152793,
        "H3K4ac": 0.7862849623625976,
        "H2AK5ac": 0.784352528230548,
        "H3K23ac": 0.7824239645357686,
        "H4K5ac": 0.7602959059152922,
        "H3K79me": 0.7080446626590495,
        "H3K56ac": 0.6820227632464265,
        "H3K9ac": 0.6762781978891795,
        "H4R3me": 0.6413426802969981,
        "H3K27ac": 0.588464962870519,
        "H2AS129ph": 0.5765679628608972,
        "Htz1": 0.5430136403743752
    }
}