{
    "H4K5ac": 1.1637767018122478,
    "H4K12ac": 1.164467775877692,
    "H4K8ac": 1.330794277180476,
    "H3K4ac": 2.1521832691656915,
    "H3K23ac": 1.860888582032791,
    "H3K14ac": 2.350776267228383,
    "H2AK5ac": 1.2735799328622903,
    "H3K18ac": 2.1333725295101598,
    "H3K9ac": 1.8601321880575448,
    "H3K56ac": 1.7815438385635325,
    "H3K27ac": 1.0797206036767495,
    "H3K4me3": 1.9382450685924244,
    "H3K4me2": 1.7011090463258833,
    "Htz1": 0.6164353071020852,
    "H3K79me": 0.9076253166371897,
    "H3S10ph": 0.14603544724417716,
    "H3K4me": 1.5424436751226738,
    "H4K20me": 1.2376370130743428,
    "H3K36me": 0.9974906718726437,
    "H3K36me2": 1.4515471762662733,
    "H4K16ac": 1.038579066257192,
    "H3K79me3": 1.5282827788443774,
    "H3K36me3": 1.631092965598386,
    "H4R3me2s": 1.500996290593017,
    "H4R3me": 0.7537454819825795
}