{
    "H4K5ac": 1.160951464876697,
    "H4K12ac": 1.1659575877873252,
    "H4K8ac": 1.331246484294189,
    "H3K4ac": 2.150048305204365,
    "H3K23ac": 1.862414660790817
}