{
    "H4K5ac": 1.160951464876697,
    "H4K12ac": 1.1659575877873252,
    "H4K8ac": 1.331246484294189,
    "H3K4ac": 2.150048305204365,
    "H3K23ac": 1.862414660790817,
    "H3K14ac": 2.3510498279717833,
    "H2AK5ac": 1.273971371989962,
    "H3K18ac": 2.1348247626832197,
    "H3K9ac": 1.8624057854827347,
    "H3K56ac": 1.7823147183284558
}