{
    "H4K5ac": 1.1637767018122478,
    "H4K12ac": 1.164467775877692,
    "H4K8ac": 1.330794277180476,
    "H3K4ac": 2.1521832691656915,
    "H3K23ac": 1.860888582032791
}