{
    "H3K4me3": 5.319341592355194,
    "H3K18ac": 5.202523436248629,
    "H3K36me3": 5.13934137526548,
    "H3K14ac": 4.86797314802475,
    "H3K4me2": 4.847546884591095,
    "H3K79me3": 4.7738439070904475,
    "H3K4ac": 4.751079582067882,
    "H3K4me": 4.6494748934412256,
    "H3K23ac": 4.608030468336754,
    "H3K9ac": 4.559551142751258,
    "H4R3me2s": 4.547964913886398,
    "H3K36me2": 4.5414268178120265,
    "H4K8ac": 4.523700541494191,
    "H2AK5ac": 4.4800779178514425,
    "H4K5ac": 4.456738407772544,
    "H2AS129ph": 4.4502383296489185,
    "H4K12ac": 4.276552829266616,
    "Htz1": 4.206220873426536,
    "H3K79me": 4.201567084405627,
    "H4K16ac": 4.178555069583658,
    "H3K56ac": 4.12252158187454,
    "H3K36me": 4.09386555017132,
    "H4K20me": 4.075353314227416,
    "H4R3me": 4.005191083648356,
    "H3K27ac": 3.979105331609867,
    "H3S10ph": 3.7979512712195405
}