{
    "H4K5ac": 1.160951464876697,
    "H4K12ac": 1.1659575877873252,
    "H4K8ac": 1.331246484294189,
    "H3K4ac": 2.150048305204365,
    "H3K23ac": 1.862414660790817,
    "H3K14ac": 2.3510498279717833,
    "H2AK5ac": 1.273971371989962,
    "H3K18ac": 2.1348247626832197,
    "H3K9ac": 1.8624057854827347,
    "H3K56ac": 1.7823147183284558,
    "H3K27ac": 1.077908169526931,
    "H3K4me3": 1.9356515455844363,
    "H3K4me2": 1.6997634339239358,
    "Htz1": 0.6155873549642497,
    "H3K79me": 0.9064326634513886,
    "H3S10ph": 0.14406902841045532,
    "H3K4me": 1.5441836900832868,
    "H4K20me": 1.235769057728339,
    "H3K36me": 0.9980133682418604,
    "H3K36me2": 1.449367540360253
}