{
    "H4K5ac": 1.1637767018122478,
    "H4K12ac": 1.164467775877692,
    "H4K8ac": 1.330794277180476,
    "H3K4ac": 2.1521832691656915,
    "H3K23ac": 1.860888582032791,
    "H3K14ac": 2.350776267228383,
    "H2AK5ac": 1.2735799328622903,
    "H3K18ac": 2.1333725295101598,
    "H3K9ac": 1.8601321880575448,
    "H3K56ac": 1.7815438385635325
}