{
    "H2BK20ac": 0.9639201954856718,
    "H4K12ac": 0.9616713732069346,
    "H2BK120ac": 0.8684208609984789,
    "H3K27ac": 0.841472773074319,
    "H2BK5ac": 0.8315334139645018,
    "H3K18ac": 0.8273296676869293,
    "H3K4ac": 0.8073619335587626,
    "H3K9ac": 0.7972733514597623,
    "H4K91ac": 0.7932511439604047,
    "H2BK12ac": 0.7389562872405989,
    "H4K5ac": 0.7354468660398744,
    "H3K4me3": 0.7334420572108723,
    "H3K36ac": 0.7286652026678844,
    "H4K8ac": 0.6960681336733918,
    "H4K20me3": 0.6711800767313068,
    "H2BK5me1": 0.5988898997477585,
    "H4K20me1": 0.5833715944297584,
    "H3K79me3": 0.5803636822574262,
    "H3K9me1": 0.51008241814264,
    "H4K16ac": 0.4929920709382224,
    "H3K4me2": 0.47608276352171675,
    "H3K9me3": 0.47497447253138525,
    "H3K36me3": 0.46575649777388406,
    "H2AZ": 0.4612022698211164,
    "H2A.H4R3me2": 0.41739629470544537,
    "H3K4me1": 0.40934005044581506,
    "H2AK9ac": 0.38793011940606775,
    "H2AK5ac": 0.35708969822911774,
    "H3K27me2": 0.33432330692487255,
    "H3K9me2": 0.23759022605902783,
    "H3R2me2": 0.22948342417521134,
    "H3K27me3": 0.22484588394378235,
    "H3K27me1": 0.2223057668901077,
    "H3K79me1": 0.22221519225551867,
    "H3R2me1": 0.18832404974998002,
    "H3K23ac": 0.1560164461743859,
    "H3K36me1": 0.14831321117392843,
    "H3K14ac": 0.13536130342698155,
    "H3K79me2": 0.11001384025399999
}