{
    "selected_features": [
        "H4K20me1"
    ],
    "target_predictor_r2_scores": {
        "H2BK5me1": 0.49736742937397016,
        "H2AZ": 0.17092800619995563,
        "H4K8ac": 0.14234594660969702,
        "H4K5ac": 0.14050472170959094,
        "H3K18ac": 0.12345238286472315,
        "H3K27ac": 0.11081754986965531,
        "H3K4me3": 0.10299747195695264,
        "H2BK120ac": 0.10248882254567604,
        "H4K12ac": 0.10239385981958116,
        "H2BK20ac": 0.10164936245284628,
        "H3K36ac": 0.09497625339937121,
        "H2BK12ac": 0.09438523012963662,
        "H2BK5ac": 0.07255905381022443,
        "H4K91ac": 0.07066656278922734,
        "H3K9ac": 0.06824850485817557,
        "H3K4ac": 0.06628667947180411,
        "H3K4me1": 0.042079972430698165,
        "H3R2me1": 0.03747327835023295,
        "H3K27me1": 0.03433072934771508,
        "H3K9me1": 0.030342663170333184,
        "H4K20me3": 0.02995676169100059,
        "H3K23ac": 0.023675924026429818,
        "H3K79me1": 0.01854373806895615,
        "H4K16ac": 0.017562757683240116,
        "H3K79me3": 0.016253624879909556,
        "H2AK9ac": 0.015899642635471833,
        "H3R2me2": 0.01553545098919129,
        "H3K9me3": 0.014306326631911115,
        "H3K14ac": 0.009872244915555162,
        "H3K9me2": 0.009817363607974916,
        "H2AK5ac": 0.009051498999360197,
        "H3K36me1": 0.008582598743863024,
        "H3K4me2": 0.008114851472448503,
        "H3K27me3": 0.007824727933918973,
        "H2A.H4R3me2": 0.007513943382266186,
        "H3K27me2": 0.005298774615472346,
        "H3K36me3": 0.0017625606899444035,
        "H3K79me2": 0.00024503405049514093
    }
}