{
    "selected_features": [
        "H3K36me"
    ],
    "target_predictor_r2_scores": {
        "H3K36me2": 0.5076230730831737,
        "H4K20me": 0.3388182297608401,
        "H4K16ac": 0.2866742324481155,
        "H3K79me": 0.2854753616762854,
        "H3K36me3": 0.24012398618634023,
        "H3K79me3": 0.2116779614229254,
        "H3K4me": 0.17609689617183644,
        "H4R3me2s": 0.16937679106212744,
        "Htz1": 0.13849043600536615,
        "H4K8ac": 0.1164775386670257,
        "H4K12ac": 0.09723337873833693,
        "H4K5ac": 0.09377068362378738,
        "H3K18ac": 0.08144432061153672,
        "H2AK5ac": 0.08002891440141269,
        "H3K14ac": 0.07908359730240277,
        "H4R3me": 0.07777613090863356,
        "H3K4ac": 0.0768888550736393,
        "H3K23ac": 0.07265339800541826,
        "H3K27ac": 0.07027470112567868,
        "H3K56ac": 0.06682480877482289,
        "H3K4me2": 0.0647929714184492,
        "H3K9ac": 0.058917160011532355,
        "H3K4me3": 0.04464758839838168,
        "H2AS129ph": 0.0441026352440449,
        "H3S10ph": 0.003842004939472732
    }
}