{
    "selected_features": [
        "H3K4me1",
        "H3K36me1",
        "H4K91ac",
        "H3K79me3",
        "H3K4me2",
        "H2A.H4R3me2",
        "H3K4ac",
        "H3K18ac",
        "H2BK5me1",
        "H3K79me1"
    ],
    "target_predictor_r2_scores": {
        "H2BK120ac": 0.828806720007808,
        "H3K9ac": 0.7634409898492418,
        "H2BK20ac": 0.7614184811984226,
        "H4K12ac": 0.754551401447082,
        "H3K27ac": 0.753600407454754,
        "H2BK5ac": 0.7303571644502782,
        "H3K4me3": 0.7089248030908619,
        "H3K36ac": 0.6847045105554292,
        "H4K20me3": 0.674404119238731,
        "H2BK12ac": 0.6447760196205087,
        "H4K5ac": 0.5993482280173539,
        "H4K20me1": 0.5649103354650498,
        "H3K9me1": 0.5216525835272348,
        "H4K8ac": 0.5067113796106719,
        "H3K36me3": 0.49952167176323903,
        "H4K16ac": 0.4839575634370077,
        "H3K9me3": 0.45541074849027174,
        "H2AZ": 0.41971587589154247,
        "H2AK9ac": 0.350285883711588,
        "H2AK5ac": 0.30094305998891113,
        "H3K27me2": 0.2703588465246942,
        "H3R2me1": 0.2678893931706836,
        "H3K27me1": 0.2569097914538335,
        "H3R2me2": 0.23125003611038908,
        "H3K9me2": 0.22941469370329803,
        "H3K27me3": 0.2074218207565247,
        "H3K23ac": 0.16813652210305718,
        "H3K14ac": 0.08835411912591995,
        "H3K79me2": -0.03195151596435841
    }
}