{
    "H4K5ac": {
        "features": [
            "H4K8ac",
            "H4K12ac",
            "H4R3me",
            "H2AK5ac",
            "H3K36me",
            "H3K23ac",
            "H4R3me2s",
            "H3K27ac"
        ],
        "r_squared": 0.7946943035442442
    },
    "H4K12ac": {
        "features": [
            "H4K8ac",
            "H4K5ac",
            "H2AK5ac",
            "H3K27ac",
            "H3K23ac",
            "H3K18ac",
            "H3K36me",
            "H3K4me"
        ],
        "r_squared": 0.7994305657070524
    },
    "H4K8ac": {
        "features": [
            "H4K12ac",
            "H4K5ac",
            "H4K16ac",
            "H2AK5ac",
            "H4R3me2s",
            "H3K56ac",
            "H3K36me2",
            "H3K18ac"
        ],
        "r_squared": 0.8451016277284482
    },
    "H3K4ac": {
        "features": [
            "H3K9ac",
            "H3K56ac",
            "H3K14ac",
            "H4K16ac",
            "H3K18ac",
            "H3K36me2",
            "H3K36me",
            "H2AS129ph"
        ],
        "r_squared": 0.9508516111398474
    },
    "H3K23ac": {
        "features": [
            "H3K14ac",
            "H3K18ac",
            "H3K27ac",
            "H3K79me3",
            "H3K9ac",
            "H3K4me3",
            "H4K16ac",
            "H3K36me3"
        ],
        "r_squared": 0.9273332095735298
    },
    "H3K14ac": {
        "features": [
            "H3K23ac",
            "H3K4ac",
            "H3K4me3",
            "H3K4me2",
            "H3K56ac",
            "H4K20me",
            "H3K4me",
            "H3K9ac"
        ],
        "r_squared": 0.9586004578214707
    },
    "H2AK5ac": {
        "features": [
            "H4R3me2s",
            "H4K8ac",
            "Htz1",
            "H3K27ac",
            "H4K12ac",
            "H4K5ac",
            "H3K23ac",
            "H3K56ac"
        ],
        "r_squared": 0.8270349061172911
    },
    "H3K18ac": {
        "features": [
            "H3K23ac",
            "H3K4me3",
            "H3K56ac",
            "H4K16ac",
            "H3K4ac",
            "H3K27ac",
            "H3K79me3",
            "H3K9ac"
        ],
        "r_squared": 0.9445097327367129
    },
    "H3K9ac": {
        "features": [
            "H3K56ac",
            "H3K4ac",
            "H3K23ac",
            "H4R3me2s",
            "H3K4me2",
            "H4K20me",
            "H3K27ac",
            "H3K18ac"
        ],
        "r_squared": 0.9192642167659012
    },
    "H3K56ac": {
        "features": [
            "H3K9ac",
            "H3K4ac",
            "H3K27ac",
            "H3K18ac",
            "H3K14ac",
            "H2AS129ph",
            "H3K4me3",
            "H4K8ac"
        ],
        "r_squared": 0.9179674668760556
    },
    "H3K27ac": {
        "features": [
            "H3K56ac",
            "H3K23ac",
            "H3K18ac",
            "H4R3me2s",
            "H3K9ac",
            "H4K16ac",
            "H3K14ac",
            "H2AK5ac"
        ],
        "r_squared": 0.7553116379483088
    },
    "H3K4me3": {
        "features": [
            "H3K14ac",
            "H3K18ac",
            "H3K4me",
            "H3K4me2",
            "H3K56ac",
            "H3K79me3",
            "H4K20me",
            "H3K23ac"
        ],
        "r_squared": 0.930609536589316
    },
    "H3K4me2": {
        "features": [
            "H3K4me",
            "H3K36me2",
            "H3K14ac",
            "H3K4me3",
            "H3K36me",
            "H4K20me",
            "H3K9ac",
            "H3K79me3"
        ],
        "r_squared": 0.8831756155494265
    },
    "Htz1": {
        "features": [
            "H2AK5ac",
            "H3K79me",
            "H3K23ac",
            "H3K36me2",
            "H3K36me3",
            "H3K36me",
            "H3K79me3",
            "H3K14ac"
        ],
        "r_squared": 0.5476038953079907
    },
    "H3K79me": {
        "features": [
            "H3K79me3",
            "H3K36me",
            "Htz1",
            "H3K14ac",
            "H4K16ac",
            "H4R3me",
            "H3K36me2",
            "H3K56ac"
        ],
        "r_squared": 0.6931179991064329
    },
    "H3S10ph": {
        "features": [
            "H3K9ac",
            "H3K4me",
            "H3K56ac",
            "H4K16ac",
            "H3K23ac",
            "H4R3me2s",
            "H3K4me3",
            "H4K8ac"
        ],
        "r_squared": 0.12683020751277996
    },
    "H3K4me": {
        "features": [
            "H3K4me2",
            "H4K20me",
            "H3K4me3",
            "H3K14ac",
            "H3K36me3",
            "H3K79me3",
            "H3K36me2",
            "H3K18ac"
        ],
        "r_squared": 0.849615488765805
    },
    "H4K20me": {
        "features": [
            "H3K36me",
            "H3K4me",
            "H4R3me2s",
            "H3K14ac",
            "H3K4me3",
            "H3K4me2",
            "H3K9ac",
            "H4R3me"
        ],
        "r_squared": 0.8240220589885889
    },
    "H3K36me": {
        "features": [
            "H3K36me2",
            "H4K20me",
            "H3K79me",
            "H3K4me2",
            "H3K79me3",
            "H3K36me3",
            "H4K5ac",
            "H3K4ac"
        ],
        "r_squared": 0.7268747733786065
    },
    "H3K36me2": {
        "features": [
            "H3K36me",
            "H3K4me2",
            "H3K36me3",
            "H4K16ac",
            "H3K4ac",
            "H3K4me",
            "H3K9ac",
            "H3K79me"
        ],
        "r_squared": 0.8147267840798424
    },
    "H4K16ac": {
        "features": [
            "H4R3me2s",
            "H3K4ac",
            "H3K18ac",
            "H3K79me3",
            "H4K8ac",
            "H3K23ac",
            "H3K9ac",
            "H3K36me2"
        ],
        "r_squared": 0.7475791507160864
    },
    "H3K79me3": {
        "features": [
            "H3K79me",
            "H3K23ac",
            "H3K36me3",
            "H4K16ac",
            "H3K18ac",
            "H3K4me3",
            "H4R3me",
            "H3K36me"
        ],
        "r_squared": 0.8759494906716851
    },
    "H3K36me3": {
        "features": [
            "H3K79me3",
            "H3K36me2",
            "H4R3me2s",
            "H3K14ac",
            "H3K18ac",
            "H3K4me",
            "H3K36me",
            "H3K23ac"
        ],
        "r_squared": 0.8645825097612465
    },
    "H4R3me2s": {
        "features": [
            "H4K16ac",
            "H4K20me",
            "H2AS129ph",
            "H3K9ac",
            "H3K27ac",
            "H4R3me",
            "H2AK5ac",
            "H3K36me3"
        ],
        "r_squared": 0.8656219184879996
    },
    "H4R3me": {
        "features": [
            "H3K79me3",
            "H4R3me2s",
            "H4K20me",
            "H4K5ac",
            "H3K79me",
            "H3K56ac",
            "H3K4me",
            "H4K8ac"
        ],
        "r_squared": 0.6189612942168536
    },
    "H2AS129ph": {
        "features": [
            "H4R3me2s",
            "H3K56ac",
            "H3K79me3",
            "H3K4ac",
            "H4K20me",
            "H3K23ac",
            "H4K16ac",
            "H3K27ac"
        ],
        "r_squared": 0.2951042591768084
    }
}