{
    "H4K5ac": 0.7946943035442442,
    "H4K12ac": 0.7994305657070524,
    "H4K8ac": 0.8451016277284482,
    "H3K4ac": 0.9508516111398474,
    "H3K23ac": 0.9273332095735298,
    "H3K14ac": 0.9586004578214707,
    "H2AK5ac": 0.8270349061172911,
    "H3K18ac": 0.9445097327367129,
    "H3K9ac": 0.9192642167659012,
    "H3K56ac": 0.9179674668760557,
    "H3K27ac": 0.7553116379483088,
    "H3K4me3": 0.930609536589316,
    "H3K4me2": 0.8831756155494265,
    "Htz1": 0.5476038953079907,
    "H3K79me": 0.6931179991064331,
    "H3S10ph": 0.12683020751277996,
    "H3K4me": 0.849615488765805,
    "H4K20me": 0.8240220589885889,
    "H3K36me": 0.7268747733786064,
    "H3K36me2": 0.8147267840798424,
    "H4K16ac": 0.7475791507160865,
    "H3K79me3": 0.8759494906716851,
    "H3K36me3": 0.8645825097612465,
    "H4R3me2s": 0.8656219184879996,
    "H4R3me": 0.6189612942168536,
    "H2AS129ph": 0.2951042591768085
}