{
    "H3K9ac": 0.5731003462652566,
    "H3K9me1": 0.5584452458484783,
    "H2AZ": 0.4508330074962501,
    "H3K27ac": 0.44205513884300807,
    "H2BK5me1": 0.42789725767240405,
    "H3K18ac": 0.3673881570692643,
    "H2BK120ac": 0.298351801128911,
    "H2BK5ac": 0.2773278619654649,
    "H4K91ac": 0.2685331730950171,
    "H4K20me1": 0.2525858377716901,
    "H3K27me1": 0.2294351598983333,
    "H3K36ac": 0.22699685851101314,
    "H3K4ac": 0.2215757672664651,
    "H2BK20ac": 0.2031658616263492,
    "H4K5ac": 0.1944372798686631,
    "H4K12ac": 0.1883445021908141,
    "H4K8ac": 0.18417607920680812,
    "H3K36me3": 0.17902296277619723,
    "H2BK12ac": 0.14948351818568195,
    "H2AK5ac": 0.11104182355925296,
    "H4K20me3": 0.10890816580088059,
    "H3K23ac": 0.10068176849781274,
    "H3K79me3": 0.08783820202725678,
    "H2AK9ac": 0.07773515754005222,
    "H4K16ac": 0.07027460126727991,
    "H3R2me1": 0.06908127327551661,
    "H3K9me3": 0.0685944368279936,
    "H3K36me1": 0.062464741630853915,
    "H2A.H4R3me2": 0.05181926577327012,
    "H3K14ac": 0.029398568826011218,
    "H3R2me2": 0.01668203139837665,
    "H3K27me2": 0.014792854368540276,
    "H3K9me2": 0.014029974841123227,
    "H3K27me3": 0.005879225045149372,
    "H3K79me1": 0.003900851936473604,
    "H3K79me2": 0.0007085534449263742
}