{
    "H3K18ac": 0.8621411378424142,
    "H2BK120ac": 0.8433048633983216,
    "H3K9ac": 0.7850246952567872,
    "H2BK5me1": 0.7802756529020183,
    "H3K27ac": 0.7710707518331823,
    "H2BK20ac": 0.7357342981650188,
    "H3K4ac": 0.6980995100253944,
    "H4K12ac": 0.6941796621092493,
    "H2AZ": 0.6544471558894145,
    "H3K36ac": 0.6051650024689277,
    "H2BK5ac": 0.5730171234523525,
    "H4K5ac": 0.5430232234292722,
    "H2BK12ac": 0.5192012400300356,
    "H4K8ac": 0.4310753654957056,
    "H3K27me1": 0.2836137991921772,
    "H2AK5ac": 0.2694426402934216,
    "H4K16ac": 0.26262149712472027,
    "H3K36me3": 0.21876061774534072,
    "H2AK9ac": 0.16852776206761044,
    "H3K23ac": 0.136144869177782,
    "H4K20me3": 0.13263502397785976,
    "H3K79me3": 0.11108443987656713,
    "H3R2me1": 0.08817477505621518,
    "H3K9me3": 0.0821788197550044,
    "H3K36me1": 0.07294397025059496,
    "H2A.H4R3me2": 0.06456949619883456,
    "H3K14ac": 0.051184656687600416,
    "H3K27me2": 0.047542806559368156,
    "H3K9me2": 0.036877036985001777,
    "H3R2me2": 0.02760943521279291,
    "H3K27me3": 0.024085768162710686,
    "H3K79me1": 0.017952183723107584,
    "H3K79me2": 0.0013255719914029296
}