{
    "H3K9ac": 0.5743202927411444,
    "H3K9me1": 0.5571173753125347,
    "H2AZ": 0.45127731349823375,
    "H3K27ac": 0.4408298233475225,
    "H2BK5me1": 0.42849047407988117,
    "H3K18ac": 0.36694539308219554,
    "H2BK120ac": 0.2981511642031567,
    "H2BK5ac": 0.2777216777113978,
    "H4K91ac": 0.2671762794598038,
    "H4K20me1": 0.2523318419880187,
    "H3K27me1": 0.2300564802026699,
    "H3K36ac": 0.22595104970709023,
    "H3K4ac": 0.2204228332153777,
    "H2BK20ac": 0.20322846387308502,
    "H4K5ac": 0.19366742824672656,
    "H4K12ac": 0.18770317645454782,
    "H4K8ac": 0.18438315367016678,
    "H3K36me3": 0.17942139929263679,
    "H2BK12ac": 0.1502057140643771,
    "H2AK5ac": 0.11077017644976817,
    "H4K20me3": 0.10890087386951874,
    "H3K23ac": 0.1006713041235896,
    "H3K79me3": 0.08869124773092718,
    "H2AK9ac": 0.07872301323332698,
    "H4K16ac": 0.07118221368201372,
    "H3K9me3": 0.06958917711658708,
    "H3R2me1": 0.06834969568043636,
    "H3K36me1": 0.06232637954062703,
    "H2A.H4R3me2": 0.052097807896170245,
    "H3K14ac": 0.028933020140002874,
    "H3R2me2": 0.016553143531530257,
    "H3K27me2": 0.014559403817717698,
    "H3K9me2": 0.013847356406841094,
    "H3K27me3": 0.005621802492523198,
    "H3K79me1": 0.004055817278678209,
    "H3K79me2": 0.0009139312423445123
}