{
    "H2BK20ac": 1.8524390354604119,
    "H2BK120ac": 1.0219360875174512,
    "H3K9ac": 0.8994507979781536,
    "H3K4ac": 0.842827717075691,
    "H2BK5ac": 0.7973436912867884,
    "H3K36ac": 0.726946727845359,
    "H2AZ": 0.7021170932624052,
    "H4K5ac": 0.6661721855153742,
    "H2BK12ac": 0.6482999894813002,
    "H4K8ac": 0.5400096029973138,
    "H2AK5ac": 0.3012043974751233,
    "H3K27me1": 0.3008655278133965,
    "H4K16ac": 0.2998995339570154,
    "H3K36me3": 0.24165708961154753,
    "H2AK9ac": 0.17962857269174437,
    "H3K23ac": 0.15926831858017465,
    "H4K20me3": 0.1404683409572023,
    "H3K79me3": 0.13540682430654094,
    "H3R2me1": 0.1232489353499453,
    "H3K9me3": 0.08943622174811594,
    "H3K36me1": 0.08480331017072285,
    "H2A.H4R3me2": 0.07942515861226251,
    "H3K27me2": 0.06246584884002582,
    "H3K14ac": 0.06000411032310726,
    "H3K9me2": 0.04457660297825239,
    "H3K27me3": 0.039775748463726224,
    "H3R2me2": 0.03686290902417033,
    "H3K79me1": 0.02834442705208362,
    "H3K79me2": 0.0026482120275415078
}