{
    "H2BK20ac": 1.8517629252815668,
    "H2BK120ac": 1.0229537815178844,
    "H3K9ac": 0.8985039865594473,
    "H3K4ac": 0.8420009739690828,
    "H2BK5ac": 0.7964198076364406,
    "H3K36ac": 0.7274515348161641,
    "H2AZ": 0.7022505127325109,
    "H4K5ac": 0.6667918878218142,
    "H2BK12ac": 0.6474252453513731,
    "H4K8ac": 0.5419820249722083,
    "H3K27me1": 0.30277306836730844,
    "H2AK5ac": 0.3005606258544553,
    "H4K16ac": 0.29943550736275526,
    "H3K36me3": 0.24061139764866724,
    "H2AK9ac": 0.180206736694847,
    "H3K23ac": 0.15956201678599768,
    "H4K20me3": 0.14052561732290814,
    "H3K79me3": 0.1356001648698486,
    "H3R2me1": 0.12276358747372473,
    "H3K9me3": 0.08947519580299557,
    "H3K36me1": 0.08528480390929793,
    "H2A.H4R3me2": 0.08070434305206708,
    "H3K27me2": 0.061892873617750865,
    "H3K14ac": 0.061072776379748284,
    "H3K9me2": 0.044367626045830555,
    "H3K27me3": 0.04057165261092743,
    "H3R2me2": 0.03734501955855807,
    "H3K79me1": 0.02868952185265039,
    "H3K79me2": 0.002577191885721808
}