{
    "H3K18ac": 0.861977665850306,
    "H2BK120ac": 0.8445326788831391,
    "H3K9ac": 0.785416886045712,
    "H2BK5me1": 0.7799946815103738,
    "H3K27ac": 0.7716797806875917,
    "H2BK20ac": 0.7350307734782122,
    "H3K4ac": 0.6975576578882343,
    "H4K12ac": 0.6939427426379403,
    "H2AZ": 0.6553079816130811,
    "H3K36ac": 0.6036065405846189,
    "H2BK5ac": 0.5733319430899648,
    "H4K5ac": 0.5423461032044505,
    "H2BK12ac": 0.5198715336890887,
    "H4K8ac": 0.4289438590656678,
    "H3K27me1": 0.2830642372564185,
    "H2AK5ac": 0.27034362465415107,
    "H4K16ac": 0.2626814833412494,
    "H3K36me3": 0.2186659971892544,
    "H2AK9ac": 0.16924254128295235,
    "H3K23ac": 0.13648018257983363,
    "H4K20me3": 0.13372686931279887,
    "H3K79me3": 0.1128814246287888,
    "H3R2me1": 0.08788377832695815,
    "H3K9me3": 0.08277582869610955,
    "H3K36me1": 0.07308938705283019,
    "H2A.H4R3me2": 0.06483230119674666,
    "H3K14ac": 0.05168710871018023,
    "H3K27me2": 0.04684150036558643,
    "H3K9me2": 0.03684838836122273,
    "H3R2me2": 0.027681663113753974,
    "H3K27me3": 0.024104354835848607,
    "H3K79me1": 0.018820024012208947,
    "H3K79me2": 0.001318499162465403
}