{
    "H3K14ac": 0.9647367977446807,
    "H3K18ac": 0.9521269821758455,
    "H3K4ac": 0.9486502956657492,
    "H3K4me3": 0.946079170383267,
    "H3K23ac": 0.9282155597260148,
    "H3K9ac": 0.921278230538179,
    "H3K56ac": 0.9205475980559845,
    "H3K4me2": 0.9139883934951234,
    "H3K36me3": 0.8937967119057805,
    "H3K4me": 0.8842954441461222,
    "H3K79me3": 0.8786995688360331,
    "H4R3me2s": 0.8730185083327071,
    "H3K36me2": 0.8700359328581894,
    "H4K8ac": 0.8414238747682763,
    "H2AK5ac": 0.8316937233143356,
    "H4K20me": 0.8251078863949278,
    "H4K12ac": 0.8001808042116709,
    "H4K5ac": 0.7976193168031919,
    "H3K27ac": 0.773517103943453,
    "H3K36me": 0.7503729675063928,
    "H4K16ac": 0.7418209614269422,
    "H3K79me": 0.7158856571001351,
    "H4R3me": 0.6486248134998294,
    "H2AS129ph": 0.6077412996996973,
    "Htz1": 0.5720525278587172,
    "H3S10ph": 0.1265739810139842
}