{
    "cov": {
        "H3K18ac": 0.9449136257171631,
        "H3K14ac": 0.9334262609481812,
        "H3K4ac": 0.933063268661499,
        "H3K23ac": 0.9004170298576355,
        "H3K56ac": 0.8786746263504028,
        "H3K9ac": 0.876334547996521,
        "H3K36me3": 0.8528167009353638,
        "H4R3me2s": 0.8441541790962219,
        "H3K4me3": 0.8256708979606628,
        "H2AK5ac": 0.8249171376228333,
        "H3K79me3": 0.800162672996521,
        "H4K8ac": 0.79869544506073,
        "H4K20me": 0.7939437627792358,
        "H3K36me2": 0.7892841100692749,
        "H3K27ac": 0.755957841873169,
        "H4K5ac": 0.7451916337013245,
        "H3K4me": 0.7400094866752625,
        "H4K12ac": 0.7362548112869263,
        "H3K4me2": 0.730707049369812,
        "H4K16ac": 0.6913570761680603,
        "H3K36me": 0.6339520215988159,
        "H3K79me": 0.6214643716812134,
        "H4R3me": 0.6076998710632324,
        "Htz1": 0.527204692363739,
        "H2AS129ph": 0.5093834400177002,
        "H3S10ph": 0.10361742973327637
    },
    "mi": {
        "H3K14ac": 0.944604754447937,
        "H3K18ac": 0.944566547870636,
        "H3K4ac": 0.9375338554382324,
        "H3K23ac": 0.9109991192817688,
        "H3K56ac": 0.8960584402084351,
        "H3K9ac": 0.8907082676887512,
        "H3K4me2": 0.8486778736114502,
        "H4R3me2s": 0.8310928344726562,
        "H4K8ac": 0.8298680186271667,
        "H2AK5ac": 0.8267125487327576,
        "H4K20me": 0.787621259689331,
        "H4K12ac": 0.7828887104988098,
        "H4K5ac": 0.7825968265533447,
        "H3K4me": 0.7793354392051697,
        "H3K79me3": 0.7730976939201355,
        "H3K4me3": 0.7654025554656982,
        "H3K36me3": 0.7598408460617065,
        "H3K36me2": 0.7451691627502441,
        "H3K27ac": 0.7445260286331177,
        "H4K16ac": 0.7194238901138306,
        "H3K79me": 0.6548078656196594,
        "H4R3me": 0.628883957862854,
        "H3K36me": 0.5803253054618835,
        "Htz1": 0.5064292550086975,
        "H2AS129ph": 0.4568026661872864,
        "H3S10ph": 0.1050412654876709
    }
}