{
    "H2A.H4R3me2": 0.39589939410821806,
    "H2AZ": 0.5385007237816644,
    "H2BK5me1": 0.6011475572217193,
    "H3K4me1": 0.4372383389871788,
    "H3K4me2": 0.5136796687246774,
    "H3K4me3": 0.5266430792208104,
    "H3K9me1": 0.5186765017408793,
    "H3K9me2": 0.23367619458665834,
    "H3K9me3": 0.45685132983019394,
    "H3K27me1": 0.3314812930908656,
    "H3K27me2": 0.3242094391621523,
    "H3K27me3": 0.23383500733717022,
    "H3K36me1": 0.2127987653228498,
    "H3K36me3": 0.38657869737323114,
    "H3K79me1": 0.20830222245191288,
    "H3K79me2": 0.10774755655804569,
    "H3K79me3": 0.5104522259032888,
    "H3R2me1": 0.2667452540604155,
    "H3R2me2": 0.239289682327812,
    "H4K20me1": 0.5552574356342879,
    "H4K20me3": 0.5265444324720074,
    "H3K4ac": 0.8177454466728679,
    "H3K9ac": 0.8093604536040263,
    "H3K14ac": 0.16188301047287568,
    "H3K18ac": 0.836192569399411,
    "H3K23ac": 0.24689801685026913,
    "H3K27ac": 0.8361430280589955,
    "H3K36ac": 0.7260320714617285,
    "H4K5ac": 0.7452380300722335,
    "H4K8ac": 0.6961758180620933,
    "H4K12ac": 0.96266352838582,
    "H4K16ac": 0.5116837552677875,
    "H4K91ac": 0.759876831910977,
    "H2AK5ac": 0.36677498444480516,
    "H2AK9ac": 0.3519522605607306,
    "H2BK5ac": 0.8149668718243814,
    "H2BK12ac": 0.724602509296847,
    "H2BK20ac": 0.9633436203659438,
    "H2BK120ac": 0.8671388097622204
}