{
    "H3K14ac": 0.9656391680240631,
    "H3K18ac": 0.95354523062706,
    "H3K4me3": 0.9499726533889771,
    "H3K4ac": 0.9484455049037933,
    "H3K23ac": 0.9286003291606904,
    "H3K9ac": 0.9231018006801606,
    "H3K56ac": 0.9217650890350342,
    "H3K4me2": 0.9139311909675598,
    "H3K36me3": 0.9063923060894012,
    "H3K4me": 0.8878778219223022,
    "H3K79me3": 0.8853843629360199,
    "H4R3me2s": 0.8756106197834015,
    "H3K36me2": 0.8740831315517426,
    "H4K8ac": 0.8418227851390838,
    "H2AK5ac": 0.8317031621932983,
    "H4K20me": 0.8268557131290436,
    "H4K12ac": 0.8000170350074768,
    "H4K5ac": 0.797960489988327,
    "H3K27ac": 0.7786838471889496,
    "H4K16ac": 0.7651972532272339,
    "H3K36me": 0.7578057169914245,
    "H3K79me": 0.7217585802078247,
    "H4R3me": 0.6506301820278168,
    "H2AS129ph": 0.6209180891513825,
    "Htz1": 0.58404740691185,
    "H3S10ph": 0.1441999852657318
}