{
    "H3K14ac": 0.9656781733036042,
    "H3K18ac": 0.9535120308399201,
    "H3K4me3": 0.9499065101146698,
    "H3K4ac": 0.9484091579914093,
    "H3K23ac": 0.9285880982875824,
    "H3K9ac": 0.9230811357498169,
    "H3K56ac": 0.9217931807041169,
    "H3K4me2": 0.9138552069664001,
    "H3K36me3": 0.9063148856163025,
    "H3K4me": 0.8878827571868897,
    "H3K79me3": 0.885303121805191,
    "H4R3me2s": 0.8755184471607208,
    "H3K36me2": 0.8739862978458405,
    "H4K8ac": 0.8417857944965362,
    "H2AK5ac": 0.8316224575042724,
    "H4K20me": 0.8269658148288727,
    "H4K12ac": 0.800140517950058,
    "H4K5ac": 0.7980417847633362,
    "H3K27ac": 0.7786146342754364,
    "H4K16ac": 0.7648969173431397,
    "H3K36me": 0.7578851342201233,
    "H3K79me": 0.7217052936553955,
    "H4R3me": 0.6503111600875855,
    "H2AS129ph": 0.6209599733352661,
    "Htz1": 0.5843386232852936,
    "H3S10ph": 0.14402634501457215
}