{
    "-0.3": {
        "H3K18ac": 1.9265513166316648,
        "H3K4me3": 1.7567587739555046,
        "H3K9ac": 1.5746639406963245,
        "H3K56ac": 1.5173995969767935,
        "H2AK5ac": 1.1835968055464043,
        "H4K20me": 1.0422248174288065,
        "H4K12ac": 1.041676272935983,
        "H4K5ac": 1.0352827592929943,
        "H3K36me3": 0.9995791501786009,
        "H3K79me3": 0.9914475669130711,
        "H3K27ac": 0.9234874654442979,
        "H3K36me2": 0.8555039096640851,
        "H4R3me": 0.6638244891954077,
        "H3K79me": 0.468201899623387,
        "Htz1": 0.43604948412383937,
        "H3K36me": 0.4175936631834922,
        "H2AS129ph": 0.41340045272453096,
        "H3S10ph": 0.09453962818429495
    },
    "-0.29": {
        "H3K18ac": 1.9314185306018237,
        "H3K4me3": 1.8495531957785314,
        "H3K9ac": 1.612858851010758,
        "H3K56ac": 1.5307125512493158,
        "H3K36me3": 1.3752996867366214,
        "H2AK5ac": 1.182399441637692,
        "H4K20me": 1.0883229590643362,
        "H4K12ac": 1.0482454695270915,
        "H4K5ac": 1.0426279213083802,
        "H3K36me2": 1.0193216703879715,
        "H3K27ac": 0.9563119004877034,
        "H4R3me": 0.7118219577684206,
        "H3K36me": 0.5990996518737193,
        "Htz1": 0.4957619441534309,
        "H2AS129ph": 0.48386683133209285,
        "H3S10ph": 0.10814894084041526
    },
    "-0.285": {
        "H3K18ac": 1.984730095794779,
        "H3K4me3": 1.8524785409838405,
        "H3K9ac": 1.753289947548275,
        "H3K36me3": 1.3869489920249638,
        "H2AK5ac": 1.1877849340394162,
        "H4K20me": 1.0934824282589375,
        "H4K12ac": 1.049160684183267,
        "H4K5ac": 1.0438717899040224,
        "H3K36me2": 1.0214286377610504,
        "H3K27ac": 0.9836252503833771,
        "H4R3me": 0.7129846129747524,
        "H3K36me": 0.5998760616262055,
        "H2AS129ph": 0.5036854662730104,
        "Htz1": 0.49931240293385937,
        "H3S10ph": 0.10833367145397688
    },
    "-0.283": {
        "H3K18ac": 2.0134821280604402,
        "H3K4me3": 1.8569250839514568,
        "H3K36me3": 1.402059620583172,
        "H2AK5ac": 1.1901739775234645,
        "H4K20me": 1.094584396045458,
        "H4K12ac": 1.0499972412386516,
        "H4K5ac": 1.0432776903026761,
        "H3K36me2": 1.025536458099932,
        "H3K27ac": 1.0009640143964909,
        "H4R3me": 0.7150907310256045,
        "H3K36me": 0.6034566927059046,
        "H2AS129ph": 0.5055459780848341,
        "Htz1": 0.503503796973594,
        "H3S10ph": 0.11335859761117817
    }
}