{
    "-0.45": {
        "H3K14ac": 1.7968811537698741,
        "H3K23ac": 1.6819368604463394,
        "H3K9ac": 1.6178878314092149,
        "H3K56ac": 1.5491456588205779,
        "H3K79me3": 1.2424714056519193,
        "H3K4me3": 1.1546412020182544,
        "H2AK5ac": 1.061897621913129,
        "H3K27ac": 0.9307658314992313,
        "H4K8ac": 0.8400015093059219,
        "H4K20me": 0.8091899021609645,
        "H3K36me2": 0.7898716208464434,
        "H3K4me": 0.7877739868111284,
        "H3K4me2": 0.7873196009055299,
        "H4K5ac": 0.7233209636280211,
        "H4R3me": 0.7163162280865567,
        "H4K12ac": 0.6929912655512744,
        "H3K79me": 0.5600233783097259,
        "Htz1": 0.5290435416469794,
        "H3K36me": 0.50538388060248,
        "H3S10ph": 0.09718963761049171
    },
    "-0.43": {
        "H3K23ac": 1.8071764189481243,
        "H3K9ac": 1.7476358360767312,
        "H3K56ac": 1.6594458491498987,
        "H3K79me3": 1.4190037465946777,
        "H4K20me": 1.1758316931266846,
        "H2AK5ac": 1.1229532082349154,
        "H3K27ac": 0.9980550112504911,
        "H3K36me": 0.9081314397315783,
        "H4K8ac": 0.8840605597154907,
        "H4K5ac": 0.763207961194718,
        "H3K79me": 0.7441399544358314,
        "H4K12ac": 0.7339949330931628,
        "H4R3me": 0.721925746726094,
        "Htz1": 0.5651176506068563,
        "H3S10ph": 0.1377663446140911
    },
    "-0.41": {
        "H3K23ac": 1.81602031629863,
        "H3K9ac": 1.7456824331526262,
        "H3K56ac": 1.6589080233113815,
        "H3K79me3": 1.4198968389561673,
        "H2AK5ac": 1.2333043136009358,
        "H4K20me": 1.1767877935232383,
        "H4K12ac": 1.0891018215661727,
        "H4K5ac": 1.0699041823435387,
        "H3K27ac": 1.0006589209729722,
        "H3K36me": 0.9188764873391113,
        "H3K79me": 0.7496441096440112,
        "H4R3me": 0.7291926910705717,
        "Htz1": 0.5770078069897764,
        "H3S10ph": 0.13780278381550026
    }
}