{
    "-0.9": {
        "H3K9ac": 0.5731003462652566,
        "H3K9me1": 0.5584452458484783,
        "H2AZ": 0.4508330074962501,
        "H3K27ac": 0.44205513884300807,
        "H2BK5me1": 0.42789725767240405,
        "H3K18ac": 0.3673881570692643,
        "H2BK120ac": 0.298351801128911,
        "H2BK5ac": 0.2773278619654649,
        "H4K91ac": 0.2685331730950171,
        "H4K20me1": 0.2525858377716901,
        "H3K27me1": 0.2294351598983333,
        "H3K36ac": 0.22699685851101314,
        "H3K4ac": 0.2215757672664651,
        "H2BK20ac": 0.2031658616263492,
        "H4K5ac": 0.1944372798686631,
        "H4K12ac": 0.1883445021908141,
        "H4K8ac": 0.18417607920680812,
        "H3K36me3": 0.17902296277619723,
        "H2BK12ac": 0.14948351818568195,
        "H2AK5ac": 0.11104182355925296,
        "H4K20me3": 0.10890816580088059,
        "H3K23ac": 0.10068176849781274,
        "H3K79me3": 0.08783820202725678,
        "H2AK9ac": 0.07773515754005222,
        "H4K16ac": 0.07027460126727991,
        "H3R2me1": 0.06908127327551661,
        "H3K9me3": 0.0685944368279936,
        "H3K36me1": 0.062464741630853915,
        "H2A.H4R3me2": 0.05181926577327012,
        "H3K14ac": 0.029398568826011218,
        "H3R2me2": 0.01668203139837665,
        "H3K27me2": 0.014792854368540276,
        "H3K9me2": 0.014029974841123227,
        "H3K27me3": 0.005879225045149372,
        "H3K79me1": 0.003900851936473604,
        "H3K79me2": 0.0007085534449263742
    },
    "-0.7": {
        "H3K18ac": 0.8628572693077814,
        "H2BK120ac": 0.8448243630824406,
        "H3K9ac": 0.78536463042097,
        "H2BK5me1": 0.7810389753447247,
        "H3K27ac": 0.7721678611899652,
        "H2BK20ac": 0.7348435945847864,
        "H3K4ac": 0.6973211602925851,
        "H4K12ac": 0.6932992893315948,
        "H2AZ": 0.6546445359443238,
        "H3K36ac": 0.6038342381736426,
        "H2BK5ac": 0.5732649151873144,
        "H4K5ac": 0.5440084566776244,
        "H2BK12ac": 0.519762609433033,
        "H4K8ac": 0.43108285867696416,
        "H3K27me1": 0.28336317609182515,
        "H2AK5ac": 0.2694529718527292,
        "H4K16ac": 0.26288789586632433,
        "H3K36me3": 0.2189181822875037,
        "H2AK9ac": 0.1690869661814669,
        "H3K23ac": 0.13630380195357628,
        "H4K20me3": 0.13357413581334887,
        "H3K79me3": 0.11171366884034217,
        "H3R2me1": 0.08749218358014677,
        "H3K9me3": 0.0824104899205158,
        "H3K36me1": 0.07274453771730105,
        "H2A.H4R3me2": 0.0642296398200859,
        "H3K14ac": 0.05054128938230784,
        "H3K27me2": 0.047541074225053936,
        "H3K9me2": 0.03744385297733954,
        "H3R2me2": 0.02794478470754269,
        "H3K27me3": 0.02378109495174785,
        "H3K79me1": 0.018683736601418754,
        "H3K79me2": 0.001413594784500538
    },
    "-0.6": {
        "H2BK20ac": 1.85113497492984,
        "H2BK120ac": 1.0203104856317058,
        "H3K9ac": 0.8985423158945292,
        "H3K4ac": 0.843580605840029,
        "H2BK5ac": 0.7967552029128004,
        "H3K36ac": 0.7274536198186139,
        "H2AZ": 0.7009288134555591,
        "H4K5ac": 0.6666680295831409,
        "H2BK12ac": 0.645869545279032,
        "H4K8ac": 0.5398249021041233,
        "H2AK5ac": 0.3029386248871653,
        "H3K27me1": 0.30064369361174936,
        "H4K16ac": 0.2996255196124489,
        "H3K36me3": 0.24275076188277822,
        "H2AK9ac": 0.18004305012859545,
        "H3K23ac": 0.15951330219113924,
        "H4K20me3": 0.14115060583075545,
        "H3K79me3": 0.13600239299014127,
        "H3R2me1": 0.12259810980368524,
        "H3K9me3": 0.08960999254338553,
        "H3K36me1": 0.08490408852320641,
        "H2A.H4R3me2": 0.08011481017916289,
        "H3K27me2": 0.061554366629637425,
        "H3K14ac": 0.060595277324436925,
        "H3K9me2": 0.04472037531862627,
        "H3K27me3": 0.04057192194314441,
        "H3R2me2": 0.03582254600286028,
        "H3K79me1": 0.028400352745896917,
        "H3K79me2": 0.0023571181848035527
    }
}