{
    "-0.5": {
        "H3K18ac": 0.8278112358008425,
        "H2BK120ac": 0.8225260803627874,
        "H3K9ac": 0.756414200717086,
        "H2BK5me1": 0.7440978628486707,
        "H3K27ac": 0.7399181480888561,
        "H2BK20ac": 0.7134303865834548,
        "H3K4ac": 0.6784287000300075,
        "H4K12ac": 0.67241475467993,
        "H3K9me1": 0.6081868188029294,
        "H2AZ": 0.6054125960140784,
        "H3K36ac": 0.577822488379307,
        "H2BK5ac": 0.5534367143425953,
        "H4K5ac": 0.5188131861848602,
        "H2BK12ac": 0.5006589163769428,
        "H4K8ac": 0.40446773883612597,
        "H2AK5ac": 0.2595788874881082,
        "H4K16ac": 0.2494115222710569,
        "H3K27me1": 0.246153898882711,
        "H3K36me3": 0.19422360445063536,
        "H2AK9ac": 0.1616753384518117,
        "H4K20me3": 0.12177995413181453,
        "H3K23ac": 0.11825225675929474,
        "H3K79me3": 0.09833264500888372,
        "H3K9me3": 0.07828232018518677,
        "H3R2me1": 0.07644168977111487,
        "H2A.H4R3me2": 0.0663394317611341,
        "H3K36me1": 0.061060534489781215,
        "H3K27me2": 0.05711175459712514,
        "H3K14ac": 0.045396546890249745,
        "H3K9me2": 0.03464591327073352,
        "H3R2me2": 0.026565875516387116,
        "H3K27me3": 0.02173688139531471,
        "H3K79me1": 0.015324613783162189,
        "H3K79me2": 0.0005578555954970366
    },
    "-0.45": {
        "H3K18ac": 0.8329070056997097,
        "H2BK120ac": 0.8259749006733417,
        "H3K9ac": 0.7589733636650227,
        "H2BK5me1": 0.7544415184305997,
        "H3K27ac": 0.7426998814136772,
        "H2BK20ac": 0.7147458758161589,
        "H3K4ac": 0.6813588881964634,
        "H4K12ac": 0.6759135089852952,
        "H2AZ": 0.6195568363828965,
        "H3K36ac": 0.5778867940114134,
        "H2BK5ac": 0.5560995574009322,
        "H4K5ac": 0.5238958007194467,
        "H2BK12ac": 0.5046342379212696,
        "H4K8ac": 0.4107592047892341,
        "H3K27me1": 0.2725368538403252,
        "H2AK5ac": 0.2617078252251197,
        "H4K16ac": 0.2508964521065149,
        "H3K36me3": 0.19626880234605704,
        "H2AK9ac": 0.16201743250748812,
        "H3K23ac": 0.13043424660454006,
        "H4K20me3": 0.12448752207004432,
        "H3K79me3": 0.10007581090330397,
        "H3R2me1": 0.07870524555277303,
        "H3K9me3": 0.07837720424685823,
        "H2A.H4R3me2": 0.06685573488819196,
        "H3K36me1": 0.06498766334645412,
        "H3K27me2": 0.05631433568846633,
        "H3K14ac": 0.04688628876548773,
        "H3K9me2": 0.03581665797410283,
        "H3R2me2": 0.027534364707008763,
        "H3K27me3": 0.024302709400158662,
        "H3K79me1": 0.016474480928448276,
        "H3K79me2": 0.0006020896090065397
    },
    "-0.4": {
        "H2BK20ac": 1.8141775186265745,
        "H2BK120ac": 1.0034708894638102,
        "H3K9ac": 0.874110783702446,
        "H3K4ac": 0.820998637521579,
        "H2BK5ac": 0.7843509764177767,
        "H3K36ac": 0.700198491613647,
        "H2AZ": 0.666483749863704,
        "H4K5ac": 0.6462354074983718,
        "H2BK12ac": 0.6292961548111515,
        "H4K8ac": 0.520315922107959,
        "H3K27me1": 0.2925300407172644,
        "H2AK5ac": 0.28997703480271664,
        "H4K16ac": 0.28315895622181664,
        "H3K36me3": 0.21848457492000684,
        "H2AK9ac": 0.17245431096484243,
        "H3K23ac": 0.14804230486815273,
        "H4K20me3": 0.1359332408976064,
        "H3K79me3": 0.12190888017819423,
        "H3R2me1": 0.110381422255867,
        "H3K9me3": 0.0860444904810389,
        "H2A.H4R3me2": 0.07739827147635836,
        "H3K36me1": 0.0758476738843119,
        "H3K27me2": 0.06885622730945595,
        "H3K14ac": 0.05436542307723924,
        "H3K9me2": 0.04333985913951022,
        "H3K27me3": 0.03850463079931554,
        "H3R2me2": 0.03663805643637286,
        "H3K79me1": 0.025236848942047807,
        "H3K79me2": 0.0014260331261231052
    }
}