{
    "H2BK20ac": 0.9659235386845424,
    "H4K12ac": 0.9623264164991182,
    "H2BK120ac": 0.8689053897351557,
    "H3K9ac": 0.8532514771738697,
    "H3K27ac": 0.850150796794273,
    "H3K18ac": 0.8324142704491131,
    "H2BK5ac": 0.8281965771735489,
    "H3K4ac": 0.820854672359156,
    "H4K91ac": 0.8018979991946322,
    "H3K4me3": 0.7977758139831311,
    "H4K5ac": 0.7432302446678962,
    "H2BK12ac": 0.7409842374288695,
    "H3K36ac": 0.7342133945252904,
    "H4K20me3": 0.720450850277141,
    "H3K9me3": 0.7175456552521389,
    "H4K8ac": 0.7073693216241712,
    "H2BK5me1": 0.6431501424199597,
    "H4K20me1": 0.6179880526292361,
    "H3K79me3": 0.5977732811794265,
    "H3K4me2": 0.593104602828214,
    "H2AZ": 0.5870900073956625,
    "H3K4me1": 0.5732006800014032,
    "H3K9me1": 0.5592267404098599,
    "H3K36me3": 0.5387128610738277,
    "H4K16ac": 0.5184265603195994,
    "H2A.H4R3me2": 0.48801834649682563,
    "H2AK5ac": 0.42425211496799,
    "H2AK9ac": 0.3970077095021788,
    "H3K27me1": 0.33273690528202104,
    "H3K27me2": 0.3239698542664,
    "H3R2me1": 0.27401462948344646,
    "H3K79me1": 0.26381003171415085,
    "H3R2me2": 0.24788513041905924,
    "H3K27me3": 0.2447642297956285,
    "H3K9me2": 0.24383332053080287,
    "H3K23ac": 0.2045260204326308,
    "H3K36me1": 0.20227771868398414,
    "H3K14ac": 0.14338369300319498,
    "H3K79me2": -0.02782952951946749
}