{
    "H2AZ": 0.9716508567333222,
    "H2A.H4R3me2": 0.856749415397644,
    "H3K79me3": 0.8433492183685303,
    "H3K4me1": 0.8400834143161774,
    "H3K36me1": 0.8371836900711059,
    "H3K9me3": 0.8086219489574432,
    "H3K79me1": 0.7383795261383057,
    "H4K20me3": 0.6828760027885437,
    "H3K4me3": 0.5659382939338684,
    "H3K9me1": 0.5438784122467041,
    "H3R2me1": 0.4963351547718048,
    "H3K36me3": 0.45247451066970823,
    "H2BK5me1": 0.45100382566452024,
    "H4K8ac": 0.38880575299263,
    "H4K20me1": 0.3766728162765503,
    "H3K9ac": 0.35352901816368104,
    "H3K18ac": 0.35236838459968567,
    "H3K27ac": 0.347574257850647,
    "H3K4me2": 0.32415533661842344,
    "H3K27me1": 0.30891024470329287,
    "H2AK5ac": 0.30104257464408873,
    "H4K5ac": 0.2901784539222717,
    "H2BK120ac": 0.2575032651424408,
    "H2BK5ac": 0.25153723955154417,
    "H3K27me2": 0.24485971331596373,
    "H3K9me2": 0.2372991442680359,
    "H4K12ac": 0.22781813740730286,
    "H2BK20ac": 0.21818949580192565,
    "H3K27me3": 0.21630326509475709,
    "H4K91ac": 0.21538963317871093,
    "H3K36ac": 0.21518768668174743,
    "H3K4ac": 0.21326411366462708,
    "H3R2me2": 0.19877535700798035,
    "H2BK12ac": 0.15061551928520203,
    "H3K23ac": 0.1303194284439087,
    "H4K16ac": 0.12962663173675537,
    "H2AK9ac": 0.10231367349624634,
    "H3K79me2": 0.10071718692779541,
    "H3K14ac": 0.09243309497833252
}