{
    "H4K12ac": 0.9949185609817505,
    "H3K14ac": 0.9837199866771698,
    "H3K36ac": 0.9728845596313477,
    "H2BK20ac": 0.9584621489048004,
    "H3R2me2": 0.9360280811786652,
    "H4K5ac": 0.8335667729377747,
    "H2BK120ac": 0.8268575429916382,
    "H3K4ac": 0.7512536168098449,
    "H3K18ac": 0.7433758676052094,
    "H3K9ac": 0.7334897696971894,
    "H3K4me2": 0.7228953897953033,
    "H2BK5ac": 0.7084056973457337,
    "H4K91ac": 0.703901594877243,
    "H3K27ac": 0.6964578092098236,
    "H2BK12ac": 0.6790106892585754,
    "H4K20me3": 0.6257256031036377,
    "H4K8ac": 0.5517251849174499,
    "H4K16ac": 0.474426805973053,
    "H3K4me3": 0.40215450525283813,
    "H3K79me3": 0.3791855931282043,
    "H3K9me3": 0.3610446512699127,
    "H2A.H4R3me2": 0.3576552152633667,
    "H3K36me3": 0.3333336889743805,
    "H3K9me1": 0.30540664196014405,
    "H2AK9ac": 0.2766397953033447,
    "H2AZ": 0.261240816116333,
    "H4K20me1": 0.2249726951122284,
    "H3K27me2": 0.20692275762557982,
    "H2AK5ac": 0.20619698762893676,
    "H3K9me2": 0.18400425910949708,
    "H3K23ac": 0.17591081857681273,
    "H2BK5me1": 0.16909247636795044,
    "H3K79me1": 0.15319037437438965,
    "H3K27me3": 0.1494833290576935,
    "H3K4me1": 0.14347752332687377,
    "H3R2me1": 0.12524295449256898,
    "H3K36me1": 0.10912275314331055,
    "H3K27me1": 0.10289349555969238,
    "H3K79me2": 0.08685019016265869
}