{
    "cov": {
        "H2BK120ac": 0.8620415925979614,
        "H4K12ac": 0.8232632875442505,
        "H2BK20ac": 0.8202275037765503,
        "H3K18ac": 0.8199236989021301,
        "H3K4ac": 0.814423680305481,
        "H3K9ac": 0.8140696883201599,
        "H3K27ac": 0.8127082586288452,
        "H4K91ac": 0.7915078997612,
        "H2BK5ac": 0.7866652607917786,
        "H3K4me3": 0.722291111946106,
        "H3K36ac": 0.7187912464141846,
        "H2BK12ac": 0.714154839515686,
        "H4K20me3": 0.7060001492500305,
        "H4K5ac": 0.7009822130203247,
        "H4K8ac": 0.6064196228981018,
        "H2BK5me1": 0.5751446485519409,
        "H3K79me3": 0.530858039855957,
        "H4K20me1": 0.5192047357559204,
        "H3K4me1": 0.5074044466018677,
        "H3K9me3": 0.496269166469574,
        "H2AZ": 0.49533045291900635,
        "H3K4me2": 0.49059581756591797,
        "H4K16ac": 0.4847707748413086,
        "H3K9me1": 0.46376579999923706,
        "H3K36me3": 0.44895505905151367,
        "H2A.H4R3me2": 0.4223790168762207,
        "H2AK5ac": 0.39769911766052246,
        "H2AK9ac": 0.3435797691345215,
        "H3K27me2": 0.30817359685897827,
        "H3K27me1": 0.3071119785308838,
        "H3R2me1": 0.26405662298202515,
        "H3K9me2": 0.2464618682861328,
        "H3K79me1": 0.24577057361602783,
        "H3R2me2": 0.20716863870620728,
        "H3K27me3": 0.2061927318572998,
        "H3K36me1": 0.20574259757995605,
        "H3K23ac": 0.19359302520751953,
        "H3K14ac": 0.13602620363235474,
        "H3K79me2": -0.03846132755279541
    },
    "mi": {
        "H2BK120ac": 0.8637210726737976,
        "H2BK20ac": 0.8479153513908386,
        "H3K9ac": 0.8448954224586487,
        "H4K12ac": 0.8423135876655579,
        "H3K18ac": 0.8249301314353943,
        "H3K27ac": 0.8113442659378052,
        "H3K4ac": 0.8005492091178894,
        "H2BK5ac": 0.7901084423065186,
        "H4K91ac": 0.7642647624015808,
        "H3K36ac": 0.7245063781738281,
        "H2BK12ac": 0.7093006372451782,
        "H3K4me3": 0.705592155456543,
        "H4K5ac": 0.6614125967025757,
        "H2BK5me1": 0.597549557685852,
        "H4K8ac": 0.5636035203933716,
        "H4K20me3": 0.5517984628677368,
        "H3K9me1": 0.5387343168258667,
        "H3K4me1": 0.5332225561141968,
        "H3K4me2": 0.530388593673706,
        "H4K16ac": 0.4881587028503418,
        "H2AZ": 0.4606447219848633,
        "H4K20me1": 0.43268412351608276,
        "H2AK5ac": 0.38141268491744995,
        "H3K79me3": 0.38134562969207764,
        "H2AK9ac": 0.32097911834716797,
        "H3K9me3": 0.31071221828460693,
        "H3K36me3": 0.308089017868042,
        "H3K27me1": 0.2880151867866516,
        "H2A.H4R3me2": 0.18831050395965576,
        "H3R2me1": 0.17553943395614624,
        "H3K23ac": 0.17385423183441162,
        "H3K36me1": 0.17225533723831177,
        "H3K27me3": 0.13821041584014893,
        "H3K79me1": 0.1334732174873352,
        "H3R2me2": 0.12434810400009155,
        "H3K27me2": 0.11219906806945801,
        "H3K9me2": 0.10648775100708008,
        "H3K14ac": 0.09700590372085571,
        "H3K79me2": 0.02456223964691162
    }
}