{
    "pos": {
        "H3K4ac_H3K9ac_H3K56ac": 1.1987695422115134,
        "H3K23ac_H3K14ac_H3K18ac": 1.1145240442427315,
        "H3K4ac_H3K23ac_H3K14ac": 1.093430878921728,
        "H3K4ac_H3K14ac_H3K18ac": 1.0103296457923214,
        "H3K4ac_H3K23ac_H3K18ac": 0.9952062737011644
    },
    "zero": {
        "H4K5ac_H3K18ac_H3K9ac": 0.08960061593935364,
        "H2AK5ac_H3K36me3_H4R3me2s": 0.08940342754662645,
        "H4K8ac_H2AK5ac_Htz1": 0.08732127599531836,
        "H3K4ac_H3K56ac_H3K4me2": 0.08715028512044576,
        "H3K14ac_H3K9ac_H4R3me2s": 0.08535743566684317
    },
    "neg": {
        "H3K4ac_H4K16ac_H4R3me2s": -0.48344692568411674,
        "H3K18ac_H3K36me3_H2AS129ph": -0.45672842819973525,
        "H3K4me3_H3K36me2_H3K36me3": -0.44756749048394084,
        "H3K4me3_H3K36me3_H2AS129ph": -0.4361387157559431,
        "H3K14ac_H3K4me2_H3K4me": -0.4334172711250144
    }
}