{
    "pos": {
        "H3K4ac_H3K9ac_H3K56ac": 1.156217136667884,
        "H3K23ac_H3K14ac_H3K18ac": 1.1399118862287825,
        "H3K4ac_H3K23ac_H3K14ac": 1.1007214510156729,
        "H3K4ac_H3K14ac_H3K18ac": 1.0559376126490552,
        "H3K4ac_H3K23ac_H3K18ac": 1.0335129543557464
    },
    "zero": {
        "H4K8ac_H3K9ac_H3K36me3": 0.08989959640832623,
        "H3K4me_H3K36me2_H4K16ac": 0.08970125313628508,
        "H3K14ac_H3K9ac_H4K20me": 0.08967931111831895,
        "H2AK5ac_H3K18ac_H3K4me": 0.08913680181207084,
        "H3K23ac_H3K4me3_H4K20me": 0.08896666635519779
    },
    "neg": {
        "H3K4ac_H4K16ac_H4R3me2s": -0.3295296249145796,
        "H4K8ac_H4K16ac_H4R3me2s": -0.2837841097134426,
        "H3K14ac_H3K4me2_H3K4me": -0.28157435607996284,
        "H3K79me_H4K16ac_H3K79me3": -0.2573841545745452,
        "H3K23ac_H4K16ac_H4R3me2s": -0.2563032112378423
    }
}