{
    "H4K12ac": 1.8904313629604967,
    "H2BK20ac": 1.8743661187300802,
    "H3K4me3": 1.20749433351315,
    "H3K27ac": 1.104114916488065,
    "H2BK120ac": 1.079393584358467,
    "H3K18ac": 1.0643221739050794,
    "H4K91ac": 0.9604989462558002,
    "H3K9ac": 0.9253069704333452,
    "H3K4ac": 0.8749224020635777,
    "H4K20me1": 0.8437541120329648,
    "H2BK5me1": 0.8333485745481948,
    "H2BK5ac": 0.8200505857753226,
    "H3K4me1": 0.798800845168131,
    "H3K36ac": 0.7782451359752818,
    "H2AZ": 0.7738754300808237,
    "H4K5ac": 0.7578895083272812,
    "H2BK12ac": 0.7128336468564713,
    "H3K4me2": 0.7096767426020509,
    "H3K9me1": 0.6670265609631834,
    "H4K8ac": 0.660538616759438,
    "H2AK5ac": 0.35444343830659353,
    "H3K27me1": 0.3358406292661176,
    "H4K16ac": 0.32529567652940106,
    "H3K36me3": 0.3126568390915496,
    "H3K79me3": 0.20284090515785547,
    "H2AK9ac": 0.1945800434120768,
    "H4K20me3": 0.18699014551428705,
    "H3K23ac": 0.18513230396777924,
    "H3R2me1": 0.14921742454549491,
    "H3K9me3": 0.12281879231150039,
    "H2A.H4R3me2": 0.11584017094142807,
    "H3K36me1": 0.1034549594722387,
    "H3K27me2": 0.08366474397124479,
    "H3K14ac": 0.08073137235891359,
    "H3K9me2": 0.06749122122155748,
    "H3K27me3": 0.06275952912086336,
    "H3R2me2": 0.05725224669962259,
    "H3K79me1": 0.04143512987909315,
    "H3K79me2": 0.00806862185463475
}