{
    "H3K23ac": {
        "H3K14ac": 0.9290047234240476
    },
    "H4K12ac": {
        "H4K8ac": 0.8632041008071837
    },
    "H3S10ph": {
        "H3K4me2": 0.25219638083589213
    },
    "H4R3me": {
        "H4R3me2s": 0.7305761344398145
    },
    "H3K79me3": {
        "H3K36me3": 0.8563370364023667
    },
    "H3K9ac": {
        "H3K56ac": 0.9283835078512823
    },
    "H4K8ac": {
        "H4K12ac": 0.8632041008071837
    },
    "H3K36me": {
        "H3K36me2": 0.7045534068972358
    },
    "Htz1": {
        "H3K36me3": 0.6333656102105122
    },
    "H4K20me": {
        "H3K4me": 0.8051658502951518
    },
    "H3K79me": {
        "H3K79me3": 0.5530088074930612
    },
    "H4K5ac": {
        "H4K8ac": 0.8560897838073195
    },
    "H3K56ac": {
        "H3K9ac": 0.9283835078512823
    },
    "H2AK5ac": {
        "H3K14ac": 0.830133307861217
    },
    "H3K27ac": {
        "H3K56ac": 0.789892571006584
    }
}