{
    "pos": {
        "H4K12ac_H2BK20ac_H2BK120ac": 0.5483955062165862,
        "H3K4ac_H4K12ac_H2BK20ac": 0.48430186369148664,
        "H3K18ac_H4K12ac_H2BK20ac": 0.4711233965528745,
        "H4K12ac_H4K91ac_H2BK20ac": 0.4554501980931356,
        "H4K12ac_H2BK12ac_H2BK20ac": 0.4250276577406531
    },
    "zero": {
        "H3K4ac_H4K8ac_H2BK120ac": 0.08831136599568623,
        "H3K27ac_H4K5ac_H2BK20ac": 0.08710760724242128,
        "H3K4ac_H3K18ac_H4K8ac": 0.08697845460029718,
        "H2AZ_H2BK5me1_H4K20me1": 0.08560770921094907,
        "H4K8ac_H2BK20ac_H2BK120ac": 0.08230752680165665
    },
    "neg": {
        "H3K4me1_H3K4me2_H3K4me3": -0.640084560731248,
        "H3K4me2_H3K4me3_H4K91ac": -0.5417880556802928,
        "H3K4me1_H3K4me3_H4K91ac": -0.5215488072125058,
        "H3K4me1_H3K4me2_H4K20me1": -0.5072833745469705,
        "H3K4me1_H3K4me3_H3K9me1": -0.4956949715991179
    }
}