{
    "pos": {
        "H4K12ac_H2BK20ac_H2BK120ac": 0.5054882832238548,
        "H3K4ac_H4K12ac_H2BK20ac": 0.44975383140017655,
        "H3K18ac_H4K12ac_H2BK20ac": 0.43001754343755216,
        "H4K12ac_H4K91ac_H2BK20ac": 0.40113913763317655,
        "H4K12ac_H2BK12ac_H2BK20ac": 0.3922705014707937
    },
    "zero": {
        "H3K4ac_H3K27ac_H3K36ac": 0.08840051681540473,
        "H3K36ac_H4K5ac_H2BK120ac": 0.08752038485394564,
        "H4K5ac_H2BK12ac_H2BK120ac": 0.08672969241399642,
        "H3K9ac_H3K18ac_H3K27ac": 0.08644015526289905,
        "H4K12ac_H4K91ac_H2BK12ac": 0.08614336690983215
    },
    "neg": {
        "H3K4me1_H3K4me2_H3K4me3": -0.9336112400811931,
        "H3K4me2_H3K4me3_H4K91ac": -0.8025979505713128,
        "H3K4me1_H3K4me2_H4K20me1": -0.796091673519502,
        "H3K4me1_H3K4me3_H4K91ac": -0.7872659416752352,
        "H3K4me1_H3K4me3_H4K20me1": -0.7595027045932348
    }
}