{
    "pos": {
        "H4K12ac_H2BK20ac_H2BK120ac": 0.5772348178890416,
        "H3K18ac_H4K12ac_H2BK20ac": 0.5065203678824934,
        "H3K4ac_H4K12ac_H2BK20ac": 0.5048604438849456,
        "H4K12ac_H4K91ac_H2BK20ac": 0.5020474210068713,
        "H4K12ac_H2BK12ac_H2BK20ac": 0.45163923231667
    },
    "zero": {
        "H2AZ_H2BK5ac_H2BK120ac": 0.08976739603502804,
        "H2AZ_H3K36ac_H4K8ac": 0.08974371288824479,
        "H3K9ac_H3K36ac_H4K16ac": 0.08961228163383872,
        "H4K91ac_H2AK9ac_H2BK120ac": 0.0884649548212213,
        "H3K36ac_H4K16ac_H2BK12ac": 0.08804361737067534
    },
    "neg": {
        "H3K4me1_H3K4me2_H3K4me3": -0.23644684828028772,
        "H3K4me1_H3K4me3_H3K9me1": -0.19829802630607674,
        "H3K4me3_H3K9me1_H4K20me1": -0.15983606994635124,
        "H3K4me1_H3K4me2_H4K20me1": -0.1490113706689158,
        "H3K4me2_H3K4me3_H4K20me1": -0.14591544126220768
    }
}