{
    "0": 0.2999257445335388,
    "1": 0.4769607186317444,
    "2": 0.5917673110961914,
    "3": 0.6012555956840515,
    "4": 0.6065478324890137,
    "5": 0.6186085343360901,
    "6": 0.6171490550041199,
    "7": 0.615833580493927,
    "8": 0.6146280169487,
    "9": 0.6166921257972717,
    "10": 0.6167402267456055,
    "11": 0.6173130869865417,
    "12": 0.6166794896125793,
    "13": 0.6171485781669617,
    "14": 0.6151933670043945,
    "15": 0.6150095462799072,
    "16": 0.611357569694519,
    "17": 0.6134642362594604,
    "18": 0.6120373606681824,
    "19": 0.6146572828292847,
    "20": 0.6136941909790039,
    "21": 0.6121227145195007,
    "22": 0.6120262145996094,
    "23": 0.6139808297157288,
    "24": 0.6139591336250305,
    "25": 0.6123539805412292,
    "26": 0.613688588142395,
    "27": 0.6123322248458862,
    "28": 0.6122401356697083
}