{
    "0": {
        "num_features": 0,
        "r2_score": 0.2999257445335388,
        "features_included": [
            "H4K12ac",
            "H3K27ac",
            "H3K4me1",
            "H4K91ac",
            "H3K4me3",
            "H3K9me1",
            "H3K18ac",
            "H3K4me2",
            "H2BK5me1",
            "H4K20me1"
        ]
    },
    "1": {
        "num_features": 1,
        "r2_score": 0.4769607186317444,
        "features_included": [
            "H4K12ac",
            "H3K27ac",
            "H3K4me1",
            "H4K91ac",
            "H3K4me3",
            "H3K9me1",
            "H3K18ac",
            "H3K4me2",
            "H2BK5me1",
            "H4K20me1",
            "H4K20me3"
        ]
    },
    "2": {
        "num_features": 2,
        "r2_score": 0.5917673110961914,
        "features_included": [
            "H4K12ac",
            "H3K27ac",
            "H3K4me1",
            "H4K91ac",
            "H3K4me3",
            "H3K9me1",
            "H3K18ac",
            "H3K4me2",
            "H2BK5me1",
            "H4K20me1",
            "H4K20me3",
            "H3K36me3"
        ]
    },
    "3": {
        "num_features": 3,
        "r2_score": 0.6012555956840515,
        "features_included": [
            "H4K12ac",
            "H3K27ac",
            "H3K4me1",
            "H4K91ac",
            "H3K4me3",
            "H3K9me1",
            "H3K18ac",
            "H3K4me2",
            "H2BK5me1",
            "H4K20me1",
            "H4K20me3",
            "H3K36me3",
            "H3K9me3"
        ]
    },
    "4": {
        "num_features": 4,
        "r2_score": 0.6065478324890137,
        "features_included": [
            "H4K12ac",
            "H3K27ac",
            "H3K4me1",
            "H4K91ac",
            "H3K4me3",
            "H3K9me1",
            "H3K18ac",
            "H3K4me2",
            "H2BK5me1",
            "H4K20me1",
            "H4K20me3",
            "H3K36me3",
            "H3K9me3",
            "H2A.H4R3me2"
        ]
    },
    "5": {
        "num_features": 5,
        "r2_score": 0.6186085343360901,
        "features_included": [
            "H4K12ac",
            "H3K27ac",
            "H3K4me1",
            "H4K91ac",
            "H3K4me3",
            "H3K9me1",
            "H3K18ac",
            "H3K4me2",
            "H2BK5me1",
            "H4K20me1",
            "H4K20me3",
            "H3K36me3",
            "H3K9me3",
            "H2A.H4R3me2",
            "H3K27me3"
        ]
    },
    "6": {
        "num_features": 6,
        "r2_score": 0.6171490550041199,
        "features_included": [
            "H4K12ac",
            "H3K27ac",
            "H3K4me1",
            "H4K91ac",
            "H3K4me3",
            "H3K9me1",
            "H3K18ac",
            "H3K4me2",
            "H2BK5me1",
            "H4K20me1",
            "H4K20me3",
            "H3K36me3",
            "H3K9me3",
            "H2A.H4R3me2",
            "H3K27me3",
            "H3R2me1"
        ]
    },
    "7": {
        "num_features": 7,
        "r2_score": 0.615833580493927,
        "features_included": [
            "H4K12ac",
            "H3K27ac",
            "H3K4me1",
            "H4K91ac",
            "H3K4me3",
            "H3K9me1",
            "H3K18ac",
            "H3K4me2",
            "H2BK5me1",
            "H4K20me1",
            "H4K20me3",
            "H3K36me3",
            "H3K9me3",
            "H2A.H4R3me2",
            "H3K27me3",
            "H3R2me1",
            "H3R2me2"
        ]
    },
    "8": {
        "num_features": 8,
        "r2_score": 0.6146280169487,
        "features_included": [
            "H4K12ac",
            "H3K27ac",
            "H3K4me1",
            "H4K91ac",
            "H3K4me3",
            "H3K9me1",
            "H3K18ac",
            "H3K4me2",
            "H2BK5me1",
            "H4K20me1",
            "H4K20me3",
            "H3K36me3",
            "H3K9me3",
            "H2A.H4R3me2",
            "H3K27me3",
            "H3R2me1",
            "H3R2me2",
            "H3K9me2"
        ]
    },
    "9": {
        "num_features": 9,
        "r2_score": 0.6166921257972717,
        "features_included": [
            "H4K12ac",
            "H3K27ac",
            "H3K4me1",
            "H4K91ac",
            "H3K4me3",
            "H3K9me1",
            "H3K18ac",
            "H3K4me2",
            "H2BK5me1",
            "H4K20me1",
            "H4K20me3",
            "H3K36me3",
            "H3K9me3",
            "H2A.H4R3me2",
            "H3K27me3",
            "H3R2me1",
            "H3R2me2",
            "H3K9me2",
            "H3K27me2"
        ]
    },
    "10": {
        "num_features": 10,
        "r2_score": 0.6167402267456055,
        "features_included": [
            "H4K12ac",
            "H3K27ac",
            "H3K4me1",
            "H4K91ac",
            "H3K4me3",
            "H3K9me1",
            "H3K18ac",
            "H3K4me2",
            "H2BK5me1",
            "H4K20me1",
            "H4K20me3",
            "H3K36me3",
            "H3K9me3",
            "H2A.H4R3me2",
            "H3K27me3",
            "H3R2me1",
            "H3R2me2",
            "H3K9me2",
            "H3K27me2",
            "H3K79me1"
        ]
    },
    "11": {
        "num_features": 11,
        "r2_score": 0.6173130869865417,
        "features_included": [
            "H4K12ac",
            "H3K27ac",
            "H3K4me1",
            "H4K91ac",
            "H3K4me3",
            "H3K9me1",
            "H3K18ac",
            "H3K4me2",
            "H2BK5me1",
            "H4K20me1",
            "H4K20me3",
            "H3K36me3",
            "H3K9me3",
            "H2A.H4R3me2",
            "H3K27me3",
            "H3R2me1",
            "H3R2me2",
            "H3K9me2",
            "H3K27me2",
            "H3K79me1",
            "H3K79me2"
        ]
    },
    "12": {
        "num_features": 12,
        "r2_score": 0.6166794896125793,
        "features_included": [
            "H4K12ac",
            "H3K27ac",
            "H3K4me1",
            "H4K91ac",
            "H3K4me3",
            "H3K9me1",
            "H3K18ac",
            "H3K4me2",
            "H2BK5me1",
            "H4K20me1",
            "H4K20me3",
            "H3K36me3",
            "H3K9me3",
            "H2A.H4R3me2",
            "H3K27me3",
            "H3R2me1",
            "H3R2me2",
            "H3K9me2",
            "H3K27me2",
            "H3K79me1",
            "H3K79me2",
            "H3K23ac"
        ]
    },
    "13": {
        "num_features": 13,
        "r2_score": 0.6171485781669617,
        "features_included": [
            "H4K12ac",
            "H3K27ac",
            "H3K4me1",
            "H4K91ac",
            "H3K4me3",
            "H3K9me1",
            "H3K18ac",
            "H3K4me2",
            "H2BK5me1",
            "H4K20me1",
            "H4K20me3",
            "H3K36me3",
            "H3K9me3",
            "H2A.H4R3me2",
            "H3K27me3",
            "H3R2me1",
            "H3R2me2",
            "H3K9me2",
            "H3K27me2",
            "H3K79me1",
            "H3K79me2",
            "H3K23ac",
            "H3K36me1"
        ]
    },
    "14": {
        "num_features": 14,
        "r2_score": 0.6151933670043945,
        "features_included": [
            "H4K12ac",
            "H3K27ac",
            "H3K4me1",
            "H4K91ac",
            "H3K4me3",
            "H3K9me1",
            "H3K18ac",
            "H3K4me2",
            "H2BK5me1",
            "H4K20me1",
            "H4K20me3",
            "H3K36me3",
            "H3K9me3",
            "H2A.H4R3me2",
            "H3K27me3",
            "H3R2me1",
            "H3R2me2",
            "H3K9me2",
            "H3K27me2",
            "H3K79me1",
            "H3K79me2",
            "H3K23ac",
            "H3K36me1",
            "H2AZ"
        ]
    },
    "15": {
        "num_features": 15,
        "r2_score": 0.6150095462799072,