{
    "H4K20me3": 0.4769607186317444,
    "H3K36me3": 0.4742446541786194,
    "H3K9me3": 0.42184412479400635,
    "H2A.H4R3me2": 0.37696272134780884,
    "H3K27me3": 0.3379339575767517,
    "H3R2me1": 0.3645259141921997,
    "H3R2me2": 0.3577570915222168,
    "H3K9me2": 0.35702770948410034,
    "H3K27me2": 0.3465655446052551,
    "H3K79me1": 0.3567173480987549,
    "H3K79me2": 0.31682246923446655,
    "H3K23ac": 0.3032999038696289,
    "H3K36me1": 0.3318248987197876,
    "H2AZ": 0.3120192289352417,
    "H4K16ac": 0.3260682225227356,
    "H2AK5ac": 0.3040597438812256,
    "H3K27me1": 0.3216073513031006,
    "H2AK9ac": 0.30835556983947754,
    "H3K9ac": 0.3043553829193115,
    "H4K5ac": 0.30370181798934937,
    "H2BK12ac": 0.30737632513046265,
    "H3K36ac": 0.3033088445663452,
    "H2BK120ac": 0.30253928899765015,
    "H3K4ac": 0.3038579225540161,
    "H2BK5ac": 0.3056337237358093,
    "H3K14ac": 0.30676162242889404,
    "H2BK20ac": 0.3050772547721863,
    "H4K8ac": 0.3034965395927429
}