{
    "0": 0.3048504590988159,
    "1": 0.4666808843612671,
    "2": 0.5372885465621948,
    "3": 0.5521595478057861,
    "4": 0.5557289123535156,
    "5": 0.5537031292915344,
    "6": 0.5561169385910034,
    "7": 0.5585139989852905,
    "8": 0.5607187151908875,
    "9": 0.5622894167900085,
    "10": 0.5645463466644287,
    "11": 0.5586357116699219,
    "12": 0.5594694018363953,
    "13": 0.5449738502502441,
    "14": 0.5495187640190125,
    "15": 0.5402743816375732,
    "16": 0.5542879104614258,
    "17": 0.5523955821990967,
    "18": 0.5455729961395264,
    "19": 0.5502374768257141,
    "20": 0.7452153563499451,
    "21": 0.7511047720909119,
    "22": 0.7502669095993042,
    "23": 0.7500398755073547,
    "24": 0.7512806057929993,
    "25": 0.7496185898780823,
    "26": 0.7526823282241821,
    "27": 0.7508180737495422,
    "28": 0.7494380474090576
}