{
    "H4K20me3": 0.4666808843612671,
    "H2A.H4R3me2": 0.4909366965293884,
    "H3K79me3": 0.4317777156829834,
    "H3K27me2": 0.4793804883956909,
    "H3K36me3": 0.4234408140182495,
    "H3K9me2": 0.45418089628219604,
    "H3R2me2": 0.4836324453353882,
    "H3K27me3": 0.464280903339386,
    "H3K79me1": 0.4511631727218628,
    "H3K79me2": 0.4307582378387451,
    "H3R2me1": 0.44124728441238403,
    "H3K36me1": 0.43633657693862915,
    "H3K14ac": 0.38845521211624146,
    "H2BK20ac": 0.3157389760017395,
    "H3K4ac": 0.3177890181541443,
    "H2BK120ac": 0.32063812017440796,
    "H4K5ac": 0.30974602699279785,
    "H2AK5ac": 0.32317548990249634,
    "H4K8ac": 0.31831347942352295,
    "H2AZ": 0.5745711326599121,
    "H2BK5ac": 0.3084207773208618,
    "H3K23ac": 0.30744707584381104,
    "H2BK12ac": 0.32524269819259644,
    "H3K27me1": 0.43154650926589966,
    "H3K36ac": 0.3334426283836365,
    "H4K16ac": 0.43775713443756104,
    "H2AK9ac": 0.3716166019439697,
    "H3K9ac": 0.35691094398498535
}