{
    "-0.3": {
        "H3K18ac": 0.9394127468044728,
        "H3K4me3": 0.9337181434345652,
        "H3K56ac": 0.8967218455653574,
        "H3K9ac": 0.8934012971387146,
        "H2AK5ac": 0.8183839258817532,
        "H4K20me": 0.7821420547435035,
        "H4K12ac": 0.772767791285084,
        "H4K5ac": 0.7690717285900012,
        "H3K27ac": 0.7431618068106829,
        "H3K79me3": 0.7352119043476175,
        "H3K36me3": 0.7272646622421715,
        "H3K36me2": 0.6942560302730494,
        "H4R3me": 0.6113853968727595,
        "H2AS129ph": 0.4836499205962831,
        "H3K79me": 0.47943943778927933,
        "Htz1": 0.4572079678514187,
        "H3K36me": 0.4564653565734945,
        "H3S10ph": 0.09878137935931597
    },
    "-0.29": {
        "H3K4me3": 0.9439883280397924,
        "H3K18ac": 0.9401494325721397,
        "H3K9ac": 0.9010093682430093,
        "H3K56ac": 0.8997472749712928,
        "H3K36me3": 0.860392045578393,
        "H2AK5ac": 0.8187407538742051,
        "H4K20me": 0.7977103678845185,
        "H4K12ac": 0.7750688801176825,
        "H4K5ac": 0.7718415809241157,
        "H3K36me2": 0.7656017636586205,
        "H3K27ac": 0.7559307892635423,
        "H4R3me": 0.6390067298353681,
        "H3K36me": 0.5735339164918998,
        "H2AS129ph": 0.5565823727059986,
        "Htz1": 0.5052961742830253,
        "H3S10ph": 0.11141481827711741
    },
    "-0.285": {
        "H3K18ac": 0.9450935715919807,
        "H3K4me3": 0.9445399610241896,
        "H3K9ac": 0.91835188803349,
        "H3K36me3": 0.8647796222761686,
        "H2AK5ac": 0.819846970818968,
        "H4K20me": 0.7984132792902812,
        "H4K12ac": 0.7757104384566864,
        "H4K5ac": 0.7725325045369341,
        "H3K27ac": 0.7672619630767658,
        "H3K36me2": 0.7664958626247808,
        "H4R3me": 0.6404958267920449,
        "H3K36me": 0.5751995481832586,
        "H2AS129ph": 0.571911439727382,
        "Htz1": 0.5073276832838827,
        "H3S10ph": 0.11495231127129935
    },
    "-0.283": {
        "H3K18ac": 0.9476968598123858,
        "H3K4me3": 0.9448637261379055,
        "H3K36me3": 0.8685507339299298,
        "H2AK5ac": 0.8201616077273133,
        "H4K20me": 0.7989463815235152,
        "H4K12ac": 0.7759326487930412,
        "H4K5ac": 0.7724944417603555,
        "H3K27ac": 0.7720019811462956,
        "H3K36me2": 0.7675262319408885,
        "H4R3me": 0.640413657179869,
        "H3K36me": 0.5777437017947411,
        "H2AS129ph": 0.5728194829079619,
        "Htz1": 0.5117197071763862,
        "H3S10ph": 0.11939436674627024
    }
}