{
    "-0.3": {
        "H3K18ac": 0.9440157848198043,
        "H3K4me3": 0.9368919654249391,
        "H3K56ac": 0.9164417936325048,
        "H3K9ac": 0.912149138928743,
        "H3K36me3": 0.8548976046778178,
        "H3K79me3": 0.8497264590618527,
        "H2AK5ac": 0.8190739196974939,
        "H4K12ac": 0.7955672430980948,
        "H3K36me2": 0.7948644297582695,
        "H4K5ac": 0.7924352979150913,
        "H4K20me": 0.7920270457521534,
        "H3K27ac": 0.7553289710240018,
        "H3K36me": 0.6522931681356927,
        "H3K79me": 0.6491198170794034,
        "H4R3me": 0.6325549461527507,
        "Htz1": 0.5264380734918337,
        "H2AS129ph": 0.5151834651481919,
        "H3S10ph": 0.11170306954039833
    },
    "-0.29": {
        "H3K4me3": 0.9465192451639637,
        "H3K18ac": 0.944991459099363,
        "H3K56ac": 0.9192056325773655,
        "H3K9ac": 0.9181521670080239,
        "H3K36me3": 0.8639027608853934,
        "H3K36me2": 0.8349718863449624,
        "H2AK5ac": 0.8203765618056793,
        "H4K20me": 0.806926583535895,
        "H4K12ac": 0.7973599596423391,
        "H4K5ac": 0.7944121447751948,
        "H3K27ac": 0.7671838605891134,
        "H3K36me": 0.710080573761694,
        "H4R3me": 0.64746140739658,
        "H2AS129ph": 0.568775477474202,
        "Htz1": 0.5337247360513486,
        "H3S10ph": 0.12408640279184657
    },
    "-0.285": {
        "H3K18ac": 0.9478961792616103,
        "H3K4me3": 0.9472685632118866,
        "H3K9ac": 0.9199265520118746,
        "H3K36me3": 0.8672841165443752,
        "H3K36me2": 0.8349534533828007,
        "H2AK5ac": 0.8203617724102136,
        "H4K20me": 0.8068613747266357,
        "H4K12ac": 0.797145734674426,
        "H4K5ac": 0.7943782892212671,
        "H3K27ac": 0.7728467571414953,
        "H3K36me": 0.7112825790617718,
        "H4R3me": 0.647447387576918,
        "H2AS129ph": 0.5835343643860035,
        "Htz1": 0.5357846973749605,
        "H3S10ph": 0.12474596595570486
    },
    "-0.283": {
        "H3K18ac": 0.9529321972150708,
        "H3K4me3": 0.9471777463744316,
        "H3K36me3": 0.870294470171908,
        "H3K36me2": 0.834631182352413,
        "H2AK5ac": 0.8208183309703668,
        "H4K20me": 0.80755645979291,
        "H4K12ac": 0.7972132359889648,
        "H4K5ac": 0.7941047847864497,
        "H3K27ac": 0.7743316310154497,
        "H3K36me": 0.712210344465757,
        "H4R3me": 0.6475188125931889,
        "H2AS129ph": 0.583803318265167,
        "Htz1": 0.5394781143656586,
        "H3S10ph": 0.12826898177535628
    }
}