{
    "H3K14ac": 0.9569138612604708,
    "H3K18ac": 0.9504546100782555,
    "H3K4me3": 0.9465955400096868,
    "H3K4ac": 0.9446492585450871,
    "H3K23ac": 0.9250303251516382,
    "H3K56ac": 0.9179552099941249,
    "H3K9ac": 0.9101593813700083,
    "H3K4me2": 0.9057363055598335,
    "H3K36me3": 0.8912007889390132,
    "H3K4me": 0.8843039494292089,
    "H3K79me3": 0.8769790260754629,
    "H3K36me2": 0.8694893681293825,
    "H4R3me2s": 0.8600651072199342,
    "H4K8ac": 0.8344382465705891,
    "H4K20me": 0.820132343726034,
    "H2AK5ac": 0.8124055202235828,
    "H4K5ac": 0.7956234670101301,
    "H4K12ac": 0.7942590191132513,
    "H3K36me": 0.7502276590848631,
    "H3K27ac": 0.7479267972041613,
    "H4K16ac": 0.7281564517725643,
    "H3K79me": 0.7079162879537748,
    "H4R3me": 0.6383598923250797,
    "Htz1": 0.567625195691767,
    "H2AS129ph": 0.5313826916168359,
    "H3S10ph": 0.11551867909318503
}