{
    "H4K16ac": 0.8168177127838134,
    "H3K79me": 0.807846212387085,
    "H3K36me": 0.7029703021049499,
    "H3K36me3": 0.6069681525230408,
    "H3K79me3": 0.5583242356777192,
    "H4K8ac": 0.4574952244758606,
    "H4K5ac": 0.4415013253688812,
    "H3K56ac": 0.43926008939743044,
    "H3K4ac": 0.4210666596889496,
    "H3K23ac": 0.4202045679092407,
    "Htz1": 0.4111820697784424,
    "H3K27ac": 0.4093030571937561,
    "H4K12ac": 0.3973905622959137,
    "H4K20me": 0.3933324575424194,
    "H4R3me2s": 0.38692828416824343,
    "H3K14ac": 0.38535313606262206,
    "H3K9ac": 0.3851507604122162,
    "H3K4me": 0.38466307520866394,
    "H2AK5ac": 0.37292113304138186,
    "H3K18ac": 0.3310594201087952,
    "H3K36me2": 0.3307152986526489,
    "H3K4me2": 0.31440240144729614,
    "H4R3me": 0.28532288670539857,
    "H3K4me3": 0.26647170782089236,
    "H2AS129ph": 0.23082106113433837,
    "H3S10ph": 0.055325102806091306
}