{
    "H3K4me": 0.6547952651977539,
    "H4R3me": 0.6052112638950348,
    "H4K20me": 0.5710706293582917,
    "H3K79me3": 0.5558959305286407,
    "H3K79me": 0.5020411491394043,
    "H4K16ac": 0.49883474707603453,
    "H3K36me3": 0.42110313177108766,
    "H4K8ac": 0.4161186158657074,
    "H3K9ac": 0.38038347363471986,
    "H4R3me2s": 0.367941814661026,
    "H3S10ph": 0.36417444944381716,
    "H3K4ac": 0.3583753824234009,
    "H3K4me2": 0.3552655458450317,
    "H3K56ac": 0.34937689900398256,
    "H3K14ac": 0.33836591243743896,
    "H3K27ac": 0.32265712022781373,
    "H3K18ac": 0.320681095123291,
    "H3K36me": 0.31254202127456665,
    "H3K4me3": 0.307947838306427,
    "H4K12ac": 0.29817134141921997,
    "H3K23ac": 0.28918505907058717,
    "H4K5ac": 0.2810014247894287,
    "H2AK5ac": 0.2631141424179077,
    "H2AS129ph": 0.24030017852783203,
    "H3K36me2": 0.2284601092338562,
    "Htz1": 0.19623093605041503
}