{
    "H3K23ac": 1.8159305564468662,
    "H3K9ac": 1.7484345002558737,
    "H3K56ac": 1.6616936594067848,
    "H3K79me3": 1.4209623074808482,
    "H2AK5ac": 1.2288352985846345,
    "H4K20me": 1.1755830372837526,
    "H4K12ac": 1.0870057439296072,
    "H4K5ac": 1.0710736479351386,
    "H3K27ac": 1.0024479056492899,
    "H3K36me": 0.9188611937566069,
    "H3K79me": 0.7494056579916961,
    "H4R3me": 0.7276114294710725,
    "Htz1": 0.5799505444649151,
    "H3S10ph": 0.139051706362757
}