{
    "H3K23ac": 1.812881058662862,
    "H3K9ac": 1.7465554582948082,
    "H3K56ac": 1.6591252834582928,
    "H3K79me3": 1.421195922593144,
    "H4K20me": 1.1772375870805645,
    "H2AK5ac": 1.1220706092710007,
    "H3K27ac": 0.9974066623019855,
    "H3K36me": 0.9075363396324523,
    "H4K8ac": 0.8834691145669318,
    "H4K5ac": 0.7650896121360535,
    "H3K79me": 0.747737138147067,
    "H4K12ac": 0.7338655426632474,
    "H4R3me": 0.7226648720569706,
    "Htz1": 0.5647894212308149,
    "H3S10ph": 0.13718640041544994
}