{
    "H3K23ac": 1.8182766159636383,
    "H3K9ac": 1.7481237919315706,
    "H3K56ac": 1.661453606755753,
    "H3K79me3": 1.4203065499172096,
    "H2AK5ac": 1.2281944470012878,
    "H4K20me": 1.1755101275627995,
    "H4K12ac": 1.0877984297301424,
    "H4K5ac": 1.0723146259581835,
    "H3K27ac": 1.0033603027021085,
    "H3K36me": 0.9162330513277102,
    "H3K79me": 0.7499609178989886,
    "H4R3me": 0.7273240248723196,
    "Htz1": 0.5771533264054254,
    "H3S10ph": 0.13866773619204764
}