{
    "H3K14ac": 2.210083458709998,
    "H3K9ac": 1.7218492870819047,
    "H3K23ac": 1.701751046894172,
    "H3K56ac": 1.641325762894322,
    "H3K79me3": 1.4089177193601783,
    "H3K4me2": 1.3493430726599396,
    "H3K4me": 1.1767771800604923,
    "H2AK5ac": 1.116541341055016,
    "H4K20me": 1.0488781662329476,
    "H3K27ac": 0.9901850107083208,
    "H3K36me": 0.8927108286987693,
    "H4K8ac": 0.8759962103472265,
    "H4K5ac": 0.7565166979186602,
    "H3K79me": 0.7349748999867796,
    "H4K12ac": 0.726570294443146,
    "H4R3me": 0.719551623095823,
    "Htz1": 0.5562414450878475,
    "H3S10ph": 0.11494208987104848
}