{
    "H3K14ac": 2.210119304497198,
    "H3K9ac": 1.721320488207077,
    "H3K23ac": 1.7032770542966489,
    "H3K56ac": 1.6430155190831837,
    "H3K79me3": 1.4081914409461191,
    "H3K4me2": 1.3488055425195054,
    "H3K4me": 1.1743443923459331,
    "H2AK5ac": 1.1159047954266814,
    "H4K20me": 1.046505166753886,
    "H3K27ac": 0.9873380600680743,
    "H3K36me": 0.8913459968282957,
    "H4K8ac": 0.8762415614073902,
    "H4K5ac": 0.7537427463697357,
    "H3K79me": 0.7331059812759086,
    "H4K12ac": 0.726083422633498,
    "H4R3me": 0.7194711639134361,
    "Htz1": 0.5557039275186568,
    "H3S10ph": 0.11462307501397895
}