{
    "H3K23ac": 1.8102464729582461,
    "H3K9ac": 1.7488498586374757,
    "H3K56ac": 1.6604409157520426,
    "H3K79me3": 1.4202709629248913,
    "H4K20me": 1.1750103352594268,
    "H2AK5ac": 1.1224693530962861,
    "H3K27ac": 0.9983531195466,
    "H3K36me": 0.9071233933102789,
    "H4K8ac": 0.8829634289570283,
    "H4K5ac": 0.7627406442131299,
    "H3K79me": 0.7463376415637608,
    "H4K12ac": 0.7328681559415049,
    "H4R3me": 0.7201646838647209,
    "Htz1": 0.5650764612627395,
    "H3S10ph": 0.1387849832847543
}