{
    "H3K14ac": 2.3568084656637014,
    "H3K4ac": 2.153623348813717,
    "H3K18ac": 2.1360349604974225,
    "H3K4me3": 1.9394289131515148,
    "H3K23ac": 1.8601633844437746,
    "H3K9ac": 1.8597948090927252,
    "H3K56ac": 1.779477117481159,
    "H3K4me2": 1.699769869004963,
    "H3K36me3": 1.6313316340354582,
    "H3K4me": 1.5429916802381651,
    "H3K79me3": 1.531981076438253,
    "H4R3me2s": 1.4997548037424977,
    "H3K36me2": 1.4523625419028487,
    "H4K8ac": 1.3299416036507274,
    "H2AK5ac": 1.2687393120129862,
    "H4K20me": 1.237013127019833,
    "H4K12ac": 1.165605670440204,
    "H4K5ac": 1.161761206326661,
    "H3K27ac": 1.0779399176777833,
    "H4K16ac": 1.0413356736586898,
    "H3K36me": 0.9963075814059072,
    "H3K79me": 0.9077032516103731,
    "H4R3me": 0.7520388962045619,
    "Htz1": 0.6159285886029684,
    "H2AS129ph": 0.6027694224862827,
    "H3S10ph": 0.14479129810359126
}