{
    "-0.5": {
        "H2BK120ac": 0.7581838939962494,
        "H3K9ac": 0.7267626335481128,
        "H3K18ac": 0.7115039736142592,
        "H3K4ac": 0.7031294227346567,
        "H2BK20ac": 0.6847251262271572,
        "H4K12ac": 0.6777228374525543,
        "H3K27ac": 0.6583695077637891,
        "H2BK5ac": 0.621435199816244,
        "H3K36ac": 0.6031693066646346,
        "H2BK5me1": 0.5999471999384172,
        "H3K9me1": 0.5513673894689035,
        "H2BK12ac": 0.5445968751234121,
        "H4K5ac": 0.5301036615300806,
        "H4K20me3": 0.4964957308902469,
        "H2AZ": 0.46280759346080425,
        "H4K8ac": 0.45010186092746685,
        "H4K16ac": 0.3845972598183893,
        "H2AK5ac": 0.3437442334782437,
        "H2AK9ac": 0.3146351505890036,
        "H3K36me3": 0.3099757362231508,
        "H3K27me1": 0.2712155784968956,
        "H3K9me3": 0.24549206671373425,
        "H3K79me3": 0.2257063087421911,
        "H3K23ac": 0.16495704256447685,
        "H3R2me1": 0.10755803498348193,
        "H2A.H4R3me2": 0.0965026202759185,
        "H3K36me1": 0.09348220230867232,
        "H3K14ac": 0.0778476980582391,
        "H3R2me2": 0.05811015894667648,
        "H3K9me2": 0.055676079075937523,
        "H3K79me1": 0.04528521962152021,
        "H3K27me2": 0.04506883791670846,
        "H3K27me3": 0.043422256350472255,
        "H3K79me2": -0.012632326279335748
    },
    "-0.45": {
        "H2BK120ac": 0.7592545149840686,
        "H3K9ac": 0.7301486335993737,
        "H3K18ac": 0.7147223458842114,
        "H3K4ac": 0.7052494890156142,
        "H2BK20ac": 0.6866226215811436,
        "H4K12ac": 0.6796558725149724,
        "H3K27ac": 0.6611831932914878,
        "H2BK5ac": 0.6236022635247991,
        "H2BK5me1": 0.6088601094267165,
        "H3K36ac": 0.6066832990564098,
        "H2BK12ac": 0.5486438789574847,
        "H4K5ac": 0.5346863925450678,
        "H4K20me3": 0.5211425921407282,
        "H2AZ": 0.47851644478151145,
        "H4K8ac": 0.45438938516014804,
        "H4K16ac": 0.39031811611315514,
        "H2AK5ac": 0.34652820848697463,
        "H2AK9ac": 0.3186290119066527,
        "H3K36me3": 0.3141985778968337,
        "H3K27me1": 0.30210679455278977,
        "H3K9me3": 0.2530084619215349,
        "H3K79me3": 0.2428895711585931,
        "H3K23ac": 0.17466702519738408,
        "H3R2me1": 0.12035878300326308,
        "H2A.H4R3me2": 0.1108096345744427,
        "H3K36me1": 0.10514463512976091,
        "H3K14ac": 0.08517592433159704,
        "H3K27me2": 0.07110795438500206,
        "H3R2me2": 0.0663792622610393,
        "H3K79me1": 0.06236949766498534,
        "H3K9me2": 0.05973446615248901,
        "H3K27me3": 0.0538308282623986,
        "H3K79me2": -0.012874557986241708
    },
    "-0.4": {
        "H2BK20ac": 0.9648317544532634,
        "H2BK120ac": 0.8511091195275912,
        "H3K9ac": 0.840731646750504,
        "H2BK5ac": 0.8117637350752444,
        "H3K4ac": 0.8106511437941469,
        "H3K36ac": 0.7108766346889419,
        "H2BK12ac": 0.6974504233980312,
        "H4K5ac": 0.6586295076438009,
        "H4K8ac": 0.5790177093244901,
        "H4K20me3": 0.5628950946617192,
        "H2AZ": 0.543863411149393,
        "H4K16ac": 0.4707684511739483,
        "H2AK5ac": 0.38084751734411393,
        "H3K36me3": 0.35502827469293186,
        "H2AK9ac": 0.34382098451595866,
        "H3K27me1": 0.3202889801043596,
        "H3K9me3": 0.3151739236735094,
        "H3K79me3": 0.2981367666850031,
        "H3K23ac": 0.2017118319919028,
        "H3R2me1": 0.1835498877616073,
        "H2A.H4R3me2": 0.15500263489567834,
        "H3K36me1": 0.1331852577788163,
        "H3K27me2": 0.12789565730320007,
        "H3K79me1": 0.1234184899024029,
        "H3R2me2": 0.11377964488363146,
        "H3K27me3": 0.10430378057023437,
        "H3K9me2": 0.09952560471892491,
        "H3K14ac": 0.08757028906342246,
        "H3K79me2": 0.020663242114482783
    }
}