{
    "-0.5": {
        "H2BK20ac": 0.9642690758407659,
        "H4K12ac": 0.9587391048325332,
        "H3K9ac": 0.834220784935127,
        "H2BK120ac": 0.8196349914646184,
        "H3K27ac": 0.8016968545448522,
        "H2BK5ac": 0.7967068131152533,
        "H3K18ac": 0.7831040185654861,
        "H3K4ac": 0.7777460061105438,
        "H4K5ac": 0.7024481778459817,
        "H3K36ac": 0.6957142523165698,
        "H2BK12ac": 0.6779495336552508,
        "H4K20me3": 0.6709030088995921,
        "H4K8ac": 0.6540535700118659,
        "H2BK5me1": 0.6212749008758404,
        "H3K9me1": 0.5658689018959233,
        "H2AZ": 0.5611816428272434,
        "H3K36me3": 0.49267930017054773,
        "H4K16ac": 0.4615508446771136,
        "H3K79me3": 0.44474262999824643,
        "H3K9me3": 0.4354192122185946,
        "H2AK5ac": 0.3920509977791403,
        "H2AK9ac": 0.35663595295047346,
        "H2A.H4R3me2": 0.3328129447642765,
        "H3K27me1": 0.30190621439474596,
        "H3K27me2": 0.2665114840661764,
        "H3R2me2": 0.22915094590756047,
        "H3K9me2": 0.22802510975078938,
        "H3K79me1": 0.21213958158561197,
        "H3K27me3": 0.20436922657888712,
        "H3K23ac": 0.2004964105756385,
        "H3R2me1": 0.18107757321241902,
        "H3K36me1": 0.18102713097983714,
        "H3K14ac": 0.10366151867667561,
        "H3K79me2": -0.02928329989271261
    },
    "-0.45": {
        "H2BK20ac": 0.9642560532361005,
        "H4K12ac": 0.9587005321391715,
        "H3K9ac": 0.8363951657873685,
        "H2BK120ac": 0.8199309674249178,
        "H3K27ac": 0.8022711679491292,
        "H2BK5ac": 0.7977895619956406,
        "H3K18ac": 0.7845576180567418,
        "H3K4ac": 0.778198045297893,
        "H4K5ac": 0.7029842366740078,
        "H3K36ac": 0.6970355514763231,
        "H2BK12ac": 0.6782971794177064,
        "H4K20me3": 0.6773210054648994,
        "H4K8ac": 0.6546689851486045,
        "H2BK5me1": 0.6294397985530289,
        "H2AZ": 0.5704255866350652,
        "H3K36me3": 0.4965296282633528,
        "H4K16ac": 0.4615999432691331,
        "H3K79me3": 0.45358977450376836,
        "H3K9me3": 0.4112050014724825,
        "H2AK5ac": 0.38960211137766976,
        "H2AK9ac": 0.3641789102647859,
        "H2A.H4R3me2": 0.3354374002175484,
        "H3K27me1": 0.318297939129639,
        "H3K27me2": 0.2770423273443464,
        "H3R2me2": 0.22968084222941554,
        "H3K9me2": 0.22656719380128887,
        "H3K79me1": 0.20705429836493483,
        "H3K23ac": 0.20620286268807786,
        "H3K27me3": 0.20068447038711434,
        "H3K36me1": 0.18777440064797202,
        "H3R2me1": 0.1769723843432387,
        "H3K14ac": 0.10379940511965868,
        "H3K79me2": -0.013898387330475659
    },
    "-0.4": {
        "H2BK20ac": 0.9651237329285905,
        "H2BK120ac": 0.854258343264462,
        "H3K9ac": 0.852783827861582,
        "H2BK5ac": 0.8171240120705051,
        "H3K4ac": 0.8148272970993544,
        "H4K5ac": 0.7300586940663368,
        "H3K36ac": 0.7201913416855478,
        "H2BK12ac": 0.7027345663717315,
        "H4K20me3": 0.6889996305941082,
        "H4K8ac": 0.6777756016688854,
        "H2AZ": 0.5896420089476817,
        "H3K36me3": 0.5124229420010233,
        "H4K16ac": 0.48576156838141304,
        "H3K79me3": 0.47451423164229567,
        "H3K9me3": 0.4552045323035424,
        "H2AK5ac": 0.4034393881326641,
        "H2AK9ac": 0.3834941114765186,
        "H2A.H4R3me2": 0.3799403343064023,
        "H3K27me1": 0.3346461568712863,
        "H3K27me2": 0.291798124810809,
        "H3R2me1": 0.2476152830795294,
        "H3R2me2": 0.23773347714267035,
        "H3K27me3": 0.23141535638947253,
        "H3K9me2": 0.22468784637340367,
        "H3K79me1": 0.22021416684443207,
        "H3K23ac": 0.21794592668527657,
        "H3K36me1": 0.19883801143975477,
        "H3K14ac": 0.1126090318687204,
        "H3K79me2": -0.015052764293785215
    }
}