{
    "H2BK20ac": 0.9663106620311737,
    "H4K12ac": 0.9625023245811463,
    "H2BK120ac": 0.8697185397148133,
    "H3K9ac": 0.8615129470825196,
    "H3K27ac": 0.8549713015556335,
    "H3K18ac": 0.8361969113349914,
    "H2BK5ac": 0.8360366940498352,
    "H3K4me3": 0.8291144728660583,
    "H3K4ac": 0.824217802286148,
    "H4K91ac": 0.8049351096153259,
    "H3K9me3": 0.7628835916519165,
    "H4K20me3": 0.7551319777965546,
    "H4K5ac": 0.7539449751377105,
    "H2BK12ac": 0.7505814552307128,
    "H3K36ac": 0.7412684917449951,
    "H4K8ac": 0.7142911314964294,
    "H2BK5me1": 0.657052856683731,
    "H4K20me1": 0.6459387838840485,
    "H3K79me3": 0.6134271085262298,
    "H2AZ": 0.6077737927436828,
    "H3K4me2": 0.6001374006271363,
    "H3K4me1": 0.5808619201183319,
    "H3K36me3": 0.5776848733425141,
    "H3K9me1": 0.5773914158344269,
    "H4K16ac": 0.5413749277591705,
    "H2A.H4R3me2": 0.5113470733165741,
    "H2AK5ac": 0.4554298400878906,
    "H2AK9ac": 0.4305371046066284,
    "H3K27me2": 0.3859939932823181,
    "H3K27me1": 0.3679921507835388,
    "H3K27me3": 0.30339688062667847,
    "H3R2me1": 0.2958280503749847,
    "H3K79me1": 0.2771138668060303,
    "H3K9me2": 0.2751255393028259,
    "H3R2me2": 0.26193566918373107,
    "H3K23ac": 0.2352131187915802,
    "H3K36me1": 0.22491979002952575,
    "H3K14ac": 0.1624673843383789,
    "H3K79me2": 0.1020302951335907
}